iso_codes,n_feat,cwals_old,cwals_new,id,genus,name
aar,5,0.27999999999999997,0.25,qaf,Lowland East Cushitic,Qafar
abb,1,1,1,bnk,Bantoid,Bankon
abk,28,0.7038265306122449,0.6717687074829932,abk,Northwest Caucasian,Abkhaz
abq,1,1,1,abz,Northwest Caucasian,Abaza
abt,6,0.33333333333333337,0.33333333333333337,amb,Ndu,Ambulas
abz,7,0.42857142857142855,0.42857142857142855,abv,Greater Alor,Abui
aca,6,0.8333333333333334,0.8333333333333334,acg,Inland Northern Arawakan,Achagua
ace,14,0.1726190476190476,0.1428571428571429,ace,Malayo-Sumbawan,Acehnese
ach,9,0.7777777777777778,0.7777777777777778,acl,Nilotic,Acholi
acm,10,0.8,0.8,arq,Semitic,Arabic (Iraqi)
acu,6,1,1,acu,Jivaroan,Achuar
acv,5,0.8,0.8,acm,Palaihnihan,Achumawi
adi,4,0.9166666666666667,0.9166666666666667,boj,Tani,Bori
adj,8,0.5,0.5,adi,Kwa,Adioukrou
adn,7,0.14285714285714288,0.14285714285714288,adg,Greater Alor,Adang
adt,5,0.6,0.6,adn,Central Pama-Nyungan,Adynyamathanha
adx,1,1,1,amd,Bodic,Amdo
ady,2,0.9047619047619048,0.8888888888888888,adt,Northwest Caucasian,Adyghe (Temirgoy)
adz,2,0.6666666666666666,0.5,adz,Oceanic,Adzera
aeb,3,0.5,0.4444444444444444,atu,Semitic,Arabic (Tunisian)
aer,12,0.6329365079365079,0.6055555555555555,amp,Central Pama-Nyungan,Arrernte (Mparntwe)
aes,1,1,1,als,Alsea,Alsea
aey,27,0.45604056437389773,0.40987654320987654,ame,Madang,Amele
afb,10,0.48,0.47500000000000003,arg,Semitic,Arabic (Gulf)
afn,1,0.6,0.5,def,Ijoid,Defaka
afr,4,0.125,0.08333333333333334,afr,Germanic,Afrikaans
agb,2,0.5,0.5,agb,Cross River,Leggbó
agd,6,0.9166666666666666,0.8888888888888888,aga,Eastern Highlands,Agarabi
agg,8,0.5,0.5,ang,Senagi,Anggor
agh,2,0.5,0.5,leb,Bantoid,Lebeo
agq,2,0,0,agh,Bantoid,Aghem
agr,1,0,0,agr,Jivaroan,Aguaruna
agt,8,0.625,0.625,agc,Greater Central Philippine,Agta (Central)
agx,2,0.5,0.5,agl,Lezgic,Aghul
ahg,7,1,1,kem,Central Cushitic,Kemant
ahk,6,0.16666666666666669,0.16666666666666669,akh,Burmese-Lolo,Akha
aia,7,0.2857142857142857,0.2857142857142857,aro,Oceanic,Arosi
aie,1,1,1,ama,Oceanic,Amara
aij,10,0.7,0.7,naj,Semitic,Neo-Aramaic (Arbel Jewish)
ain,25,0.5018095238095237,0.45066666666666666,ain,NA,Ainu
aiw,9,0.6666666666666666,0.6666666666666666,aar,South Omotic,Aari
aja,2,1,1,aja,Kresh,Aja
ajg,4,0.5,0.5,ajg,Kwa,Ajagbe
aji,1,1,1,aji,Oceanic,Ajië
ajp,1,0.25,0,apa,Semitic,Arabic (Palestinian)
aka,14,0.6428571428571429,0.6190476190476191,akn,Kwa,Akan
akc,4,0.5,0.5,mpu,Kebar,Mpur
akr,1,0.25,0,ark,Oceanic,Araki
akz,2,1,1,abm,Muskogean,Alabama
alc,8,0.39583333333333337,0.26785714285714285,qaw,Alacalufan,Qawasqar
ale,7,0.7785714285714286,0.7346938775510204,aea,Aleut,Aleut (Eastern)
alh,14,0.6964285714285714,0.6666666666666666,alw,Alawa,Alawa
aln,17,0.6029411764705882,0.5938375350140056,NA,NA,NA
alo,1,1,1,lrk,Central Malayo-Polynesian,Larike
alp,9,0.33333333333333337,0.33333333333333337,aln,Central Malayo-Polynesian,Alune
alr,1,0,0,alu,Northern Chukotko-Kamchatkan,Alutor
als,17,0.6029411764705882,0.5938375350140056,NA,NA,NA
alt,1,0,0,aso,Turkic,Altai (Southern)
aly,12,0.8472222222222222,0.8277777777777777,aly,Central Pama-Nyungan,Alyawarra
amc,8,0.625,0.625,amc,Panoan,Amahuaca
ame,2,1,1,amu,Yanesha',Amuesha
amf,2,0.29166666666666663,0,hmr,South Omotic,Hamer
amh,21,0.5428571428571429,0.5107709750566893,amh,Semitic,Amharic
amk,8,0.5,0.5,amq,South Halmahera - West New Guinea,Ambai
amn,7,0.42857142857142855,0.42857142857142855,amn,Border,Amanab
amo,5,0.8,0.8,amo,Kainji,Amo
amp,24,0.640922619047619,0.6086309523809523,ala,Sepik Hill,Alamblak
amy,1,1,1,emm,Wagaydy,Emmi
anc,6,0.16666666666666669,0.16666666666666669,anc,West Chadic,Angas
ane,8,0.125,0.125,xar,Oceanic,Xârâcùù
anh,1,1,1,nnd,Madang,Nend
ank,8,0,0,goe,West Chadic,Goemai
ann,12,0.41666666666666663,0.41666666666666663,obo,Cross River,Obolo
ano,4,0.75,0.75,adk,NA,Andoke
anq,1,1,1,jrw,South Andamanese,Jarawa (in Andamans)
anu,7,0.5714285714285714,0.5714285714285714,any,Nilotic,Anywa
any,2,1,1,ayi,Kwa,Anyi
anz,5,0.8,0.8,ane,NA,Anêm
aoa,1,0.5,0.3333333333333333,ago,Creoles and Pidgins,Angolar
aoc,1,0,0,pem,Cariban,Pemon
aoi,6,0.8333333333333334,0.8333333333333334,ann,Anindilyakwa,Anindilyakwa
aoj,7,0.42857142857142855,0.42857142857142855,aoj,Kombio-Arapesh,Mufian
aom,6,0.5,0.5,omi,Koiarian,Ömie
apb,5,0.2,0.2,saa,Oceanic,Sa'a
apc,6.5,0.85,0.84375,abe,Semitic,Arabic (Beirut)
ape,21,0.5382653061224489,0.49206349206349204,arp,Kombio-Arapesh,Arapesh (Mountain)
aph,9,0.8888888888888888,0.8888888888888888,ath,Mahakiranti,Athpare
apm,1,1,1,apc,Athapaskan,Apache (Chiricahua)
apn,5,0.55,0.5333333333333333,api,Ge-Kaingang,Apinayé
apq,3,1,1,apk,Great Andamanese,A-Pucikwar
apr,4,0.25,0.25,alk,Oceanic,Arop-Lokep
apt,7,0.5,0.47619047619047616,apt,Tani,Apatani
apu,27,0.573015873015873,0.5339506172839507,apu,Purus,Apurinã
apw,5,1,1,apw,Athapaskan,Apache (Western)
apy,14,0.5714285714285714,0.5714285714285714,apl,Cariban,Apalaí
aqc,11,0.7090909090909091,0.7045454545454546,arc,Lezgic,Archi
aqp,3,0.9047619047619048,0.8888888888888888,atk,NA,Atakapa
arb,5,0.8,0.8,ams,Semitic,Arabic (Modern Standard)
ard,7,0.6476190476190476,0.5714285714285714,abn,Central Pama-Nyungan,Arabana
are,5,1,1,awe,Central Pama-Nyungan,Arrernte (Western)
arh,21,0.6603174603174603,0.6292517006802721,ika,Arhuacic,Ika
ari,1,1,1,akr,Caddoan,Arikara
arl,1,0.875,0.8571428571428571,arb,Zaparoan,Arabela
arn,26,0.5031135531135531,0.45421245421245415,map,Araucanian,Mapudungun
aro,21,0.4305555555555555,0.3764172335600907,ana,Tacanan,Araona
arp,1,1,1,aho,Algonquian,Arapaho
arr,9,0.33333333333333337,0.33333333333333337,kaa,Ramarama,Karó (Arára)
arv,1,0.4,0.25,abo,Lowland East Cushitic,Arbore
arw,11,0.6212121212121212,0.6181818181818182,ara,Caribbean Arawakan,Arawak
ary,13,0.6153846153846154,0.6153846153846154,amr,Semitic,Arabic (Moroccan)
arz,28,0.56296768707483,0.5208333333333333,aeg,Semitic,Arabic (Egyptian)
asa,6,1,1,pre,Bantoid,Pare
asm,6,1,1,ass,Indic,Assamese
atw,3,1,1,ats,Palaihnihan,Atsugewi
aty,10,0.4666666666666667,0.45,anj,Oceanic,Anejom
auc,7,0.8095238095238095,0.7857142857142857,wao,NA,Waorani
aun,4,0.75,0.75,one,West Wapei,One
auw,1,1,1,awy,Border,Awyi
ava,7,0.8571428571428571,0.8571428571428571,ava,Avar-Andic-Tsezic,Avar
avi,2,0.5,0.5,avk,Kwa,Avikam
avt,8,0.25,0.25,au,Wapei-Palei,Au
avu,6,0.625,0.5555555555555556,avo,Moru-Ma'di,Avokaya
awb,7,0.8571428571428571,0.8571428571428571,awa,Eastern Highlands,Awa
awi,2,1,1,awi,Awin-Pare,Aekyom
awn,4,0.625,0.5833333333333334,awn,Central Cushitic,Awngi
axb,16,0.4557291666666667,0.40625,abi,South Guaicuruan,Abipón
ayc,21,0.6729024943310657,0.6292517006802721,aym,Aymaran,Aymara (Central)
ayn,1,1,1,ars,Semitic,Arabic (San'ani)
ayo,3,1,1,ayr,Zamucoan,Ayoreo
ayz,27,0.29171075837742505,0.23059964726631393,may,North-Central Bird's Head,Maybrat
azb,9.5,0.8638888888888889,0.8555555555555556,azi,Turkic,Azari (Iranian)
azj,10,0.95,0.9333333333333333,NA,NA,NA
baa,9,0.11111111111111109,0.11111111111111109,sis,Oceanic,Sisiqa
bae,8,0.8958333333333334,0.8666666666666667,bae,Inland Northern Arawakan,Baré
bag,3,1,1,tki,Bantoid,Tuki
bak,12,0.6666666666666667,0.6666666666666667,bsk,Turkic,Bashkir
bam,13,0.46474358974358976,0.38461538461538464,bam,Western Mande,Bambara
ban,4,0.5,0.5,bal,Malayo-Sumbawan,Balinese
bas,2,0.5,0.5,bas,Bantoid,Basaá
bav,11,0.3939393939393939,0.36363636363636365,bab,Bantoid,Babungo
baw,3,0.33333333333333337,0.33333333333333337,mbi,Bantoid,Mbili
bbb,9,0.6944444444444444,0.6666666666666666,NA,NA,NA
bbc,9,0.2222222222222222,0.2222222222222222,bto,Northwest Sumatra-Barrier Islands,Batak (Toba)
bbd,2,1,1,bau,Madang,Bau
bbl,8,0.625,0.625,ttu,Nakh,Tsova-Tush
bbn,7,0.14285714285714288,0.14285714285714288,NA,NA,NA
bbo,2,0.5,0.5,bbf,Western Mande,Bobo Madaré (Northern)
bca,6,0,0,bai,Bai,Bai
bci,2,0.5,0.5,ble,Kwa,Baule
bck,3,1,1,bnb,Bunuban,Bunuba
bcl,6,0.33333333333333337,0.33333333333333337,bkl,Greater Central Philippine,Bikol
bcm,7,0.42857142857142855,0.42857142857142855,bnn,Oceanic,Banoni
bco,2,1,1,kll,Bosavi,Kaluli
bcq,9,0.75,0.746031746031746,gim,North Omotic,Gimira
bdh,5,0.2,0.2,bka,Bongo-Bagirmi,Baka (in South Sudan)
bdk,2,0.5,0.5,bdk,Lezgic,Budukh
bdl,4,0.5,0.5,baj,Sama-Bajaw,Bajau (Sama)
bdm,9,0.6666666666666666,0.6666666666666666,bud,Biu-Mandara,Buduma
bdr,8,0.125,0.125,bwc,Sama-Bajaw,Bajau (West Coast)
bds,9,0.7407407407407407,0.7222222222222222,brn,Southern Cushitic,Burunge
bdu,4,1,1,bkn,Bantoid,Bakundu
bdy,5,0.9270833333333333,0.8958333333333333,bca,Southeastern Pama-Nyungan,Bandjalang (Casino)
bee,10,0.5666666666666667,0.55,bya,Bodic,Byansi
bef,1,0,0,beb,Eastern Highlands,Benabena
bej,25,0.6698095238095239,0.6223809523809524,bej,Beja,Beja
bel,4,0.75,0.75,blr,Slavic,Belorussian
bem,4,0.75,0.75,bem,Bantoid,Bemba
ben,5,0.5,0.4666666666666667,ben,Indic,Bengali
bev,1,0,0,bet,Kru,Bété
bex,9,0.11111111111111109,0.11111111111111109,jmo,Bongo-Bagirmi,Jur Mödö
bfa,7,0.4930555555555555,0.3888888888888889,bar,Nilotic,Bari
bft,6,0.6666666666666666,0.6666666666666666,blt,Bodic,Balti
bfw,11,0.696969696969697,0.6818181818181819,rem,Munda,Remo
bgp,3,0.5833333333333334,0.5555555555555556,blc,Iranian,Baluchi
bgr,20,0.23083333333333333,0.2014285714285714,baw,Kuki-Chin,Bawm
bhg,7,0.5714285714285714,0.5714285714285714,bin,Binanderean,Binandere
bho,6,0.6666666666666666,0.6666666666666666,bho,Indic,Bhojpuri
bhq,26,0.4094780219780219,0.36538461538461536,NA,NA,NA
bhw,10,0.4,0.4,bik,South Halmahera - West New Guinea,Biak
bia,3,0.6666666666666666,0.6666666666666666,bdm,Western Pama-Nyungan,Badimaya
bib,1,1,1,bis,Eastern Mande,Bisa
bid,2,1,1,bid,East Chadic,Bidiya
bim,6,0.33333333333333337,0.33333333333333337,bmb,Northern-Central Gur,Bimoba
bin,3,0,0,bni,Edoid,Bini
bio,6,0.8333333333333334,0.8333333333333334,bio,Kwomtari,Nai
bip,3,1,1,bia,Bantoid,Bila
bis,1,1,1,bsm,Creoles and Pidgins,Bislama
bjt,3,0.6666666666666666,0.6666666666666666,NA,NA,NA
bjy,2,1,1,dhb,Northern Pama-Nyungan,Dharumbal
bkc,5,0.5333333333333333,0.52,bak,Ubangi,Baka (in Cameroon)
bkk,2,0.5833333333333333,0.4666666666666667,bkt,Indic,Brokskat
bkl,1,0.25,0,brk,Tor,Berik
bla,11,0.9090909090909091,0.9090909090909091,bla,Algonquian,Blackfoot
blb,8,0.5,0.5,bil,Bilua,Bilua
blc,10,0.7,0.7,bco,Bella Coola,Bella Coola
ble,3,0.6666666666666666,0.6666666666666666,NA,NA,NA
bli,2,1,1,bol,Bantoid,Bolia
bll,10,0.6,0.6,blx,Core Siouan,Biloxi
blw,2,1,1,blg,Northern Luzon,Balangao
bmi,25,0.4225238095238095,0.36,bag,Bongo-Bagirmi,Bagirmi
bmr,7,1,1,mui,Boran,Muinane
bmu,4,1,1,bmr,Finisterre-Huon,Burum
bnc,7,0.5714285714285714,0.5714285714285714,btk,Northern Luzon,Bontok
bng,1,1,1,bga,Bantoid,Benga
bni,2,1,1,bob,Bantoid,Bobangi
boa,1,1,1,bor,Boran,Bora
bod,3.6,0.6751020408163265,0.6409523809523809,jad,Bodic,Jad
boi,10,0.8125,0.8,cba,Chumash,Chumash (Barbareño)
bol,1,1,1,blq,West Chadic,Bole
bom,11,0.38636363636363635,0.36363636363636365,bir,Platoid,Birom
bor,11,0.8571428571428571,0.8181818181818182,brr,Bororoan,Bororo
bos,15,0.44166666666666665,0.4380952380952381,bos,Slavic,Bosnian
bot,7,0.5714285714285714,0.5714285714285714,bgo,Bongo-Bagirmi,Bongo
boz,1,0.6666666666666666,0.6,boz,Western Mande,Bozo (Tigemaxo)
bpu,3,0.5833333333333334,0.5555555555555556,bon,Madang,Bongu
bqp,3,0.33333333333333337,0.33333333333333337,bus,Eastern Mande,Busa
bre,11,0.6363636363636364,0.6363636363636364,bre,Celtic,Breton
brg,9,0.5555555555555556,0.5555555555555556,baq,Bolivia-Parana,Baure
brh,24,0.7459325396825397,0.7083333333333333,brh,Northern Dravidian,Brahui
bri,4,1,1,bku,Bantoid,Bakueri
brm,7,0.7142857142857143,0.7142857142857143,bbu,Ubangi,Barambu
brx,7,0.7142857142857143,0.7142857142857143,bod,Bodo-Garo,Bodo
bsc,1,1,1,bsr,Tenda,Basari
bsh,1,0,0,ktz,Nuristani,Kati (in Afghanistan)
bsk,24,0.7835813492063493,0.7544642857142857,bur,NA,Burushaski
bsn,26,0.5748168498168498,0.5311355311355311,brs,Tucanoan,Barasano
bsw,1,0.4,0.25,bys,Lowland East Cushitic,Bayso
btx,20,0.48708333333333337,0.4416666666666666,bkr,Northwest Sumatra-Barrier Islands,Batak (Karo)
bud,3,1,1,ncm,Northern-Central Gur,Ncàm
buf,6,0.8333333333333334,0.8333333333333334,bsh,Bantoid,Bushoong
bug,1,0,0,bug,South Sulawesi,Bugis
buh,6,0,0,pnu,Hmong-Mien,Bunu (Younuo)
bul,16,0.4765625,0.45833333333333337,bul,Slavic,Bulgarian
bum,2,0.5,0.5,buw,Bantoid,Bulu
buo,6,0.8333333333333334,0.8333333333333334,bun,East Bougainville,Buin
buu,7,0.42857142857142855,0.42857142857142855,bdu,Bantoid,Budu
bvq,1,1,1,brz,Bongo-Bagirmi,Birri
bvr,6,0.8333333333333334,0.8333333333333334,bua,Burarran,Burarra
bvx,3,1,1,bbl,Bantoid,Babole
bvz,4,0.5625,0.5,bzi,East Geelvink Bay,Bauzi
bwe,7,0.2857142857142857,0.2857142857142857,kbw,Karen,Karen (Bwe)
bwi,1,0,0,bnw,Inland Northern Maipuran,Baniwa
bxk,1,0.75,0.6666666666666666,buk,Bantoid,Bukusu
bxm,12,0.8819444444444444,0.8722222222222222,but,Mongolic,Buriat
byn,6,1,1,bln,Central Cushitic,Bilin
byr,5,1,1,bry,Angan,Baruya
byw,10,0.8654761904761905,0.83,bel,Mahakiranti,Belhare
byx,3,0.75,0.6666666666666666,bng,Baining,Qaget
bzd,10,0.49166666666666664,0.4,bri,Talamanca,Bribri
bzf,2,1,1,boi,Ndu,Boiken
bzi,2,1,1,NA,NA,NA
bzq,3,0.41666666666666663,0.33333333333333337,bui,South Halmahera - West New Guinea,Buli (in Indonesia)
bzr,9,0.5185185185185185,0.4814814814814815,bii,Northern Pama-Nyungan,Biri
caa,1,1,1,coi,Mayan,Chortí
cab,9,0.6944444444444444,0.6666666666666666,grf,Caribbean Arawakan,Garífuna
cac,3,1,1,NA,NA,NA
cak,3,0.6666666666666666,0.6666666666666666,cak,Mayan,Cakchiquel
cam,9,0.11111111111111109,0.11111111111111109,cem,Oceanic,Cèmuhî
can,2,1,1,chb,Lower Sepik,Chambri
cao,13,0.6153846153846154,0.6153846153846154,cbo,Panoan,Chácobo
cap,6,0.6666666666666666,0.6666666666666666,cpy,Uru-Chipaya,Chipaya
caq,17,0.28949579831932776,0.2352941176470588,nca,Nicobarese,Nicobarese (Car)
car,17,0.6024509803921568,0.5588235294117647,car,Cariban,Carib
cas,7,0.7476190476190476,0.7214285714285714,mos,Mosetenan,Mosetén
cat,8,0.234375,0.20833333333333334,ctl,Romance,Catalan
cav,3,0.8888888888888888,0.8333333333333334,cav,Tacanan,Cavineña
cax,4,1,1,cqt,Chiquito,Chiquitano
cbc,7,1,1,crp,Tucanoan,Carapana
cbi,7,0.7142857142857143,0.7142857142857143,cay,Barbacoan,Cayapa
cbk,1,1,1,cvc,Creoles and Pidgins,Chavacano
cbr,8,0.625,0.625,cas,Panoan,Cashibo
cbs,2,0.25,0.16666666666666666,csh,Panoan,Cashinahua
cbt,1,0.5,0.3333333333333333,chy,Cahuapanan,Chayahuita
cbu,3,0.6666666666666666,0.6666666666666666,can,NA,Candoshi
cco,11,0.5,0.4848484848484848,ccm,Chinantecan,Chinantec (Comaltepec)
cdm,5,0.7833333333333333,0.7,cpn,Mahakiranti,Chepang
ceb,9,0.4722222222222222,0.4444444444444444,ceb,Greater Central Philippine,Cebuano
ces,11,0.6363636363636364,0.6363636363636364,cze,Slavic,Czech
cgg,18,0.5439814814814815,0.5092592592592593,nko,Bantoid,Nkore-Kiga
cha,23,0.3759316770186335,0.3130434782608696,cha,Chamorro,Chamorro
chb,5,1,1,msc,Chibcha-Duit,Muisca
chc,1,0,0,ctw,Catawban,Catawba
chd,1,0.25,0,cho,Tequistlatecan,Chontal (Highland)
che,12,0.5416666666666666,0.5277777777777778,chc,Nakh,Chechen
chf,10,0.5,0.5,cmy,Mayan,Chontal Maya
chh,7,0.5714285714285714,0.5714285714285714,ckl,Chinookan,Chinook (Lower)
chk,4,0.5625,0.5,cuu,Oceanic,Chuukese
chl,18,0.7680555555555556,0.753968253968254,cah,California Uto-Aztecan,Cahuilla
cho,11,0.9090909090909091,0.9090909090909091,cct,Muskogean,Choctaw
chp,6,0.6666666666666666,0.6666666666666666,chp,Athapaskan,Chipewyan
chq,6,0.5,0.5,chq,Chinantecan,Chinantec (Quiotepec)
chr,8,0.75,0.75,che,Southern Iroquoian,Cherokee
cht,8,1,1,NA,NA,NA
chv,17,0.6931372549019608,0.6773109243697479,chv,Turkic,Chuvash
chx,6,0.7777777777777778,0.7666666666666666,chn,Bodic,Chantyal
chy,3,0.5833333333333334,0.5555555555555556,cyn,Algonquian,Cheyenne
cic,1,1,1,cck,Muskogean,Chickasaw
cid,12,0.6555555555555556,0.6111111111111112,chi,Chimariko,Chimariko
cir,16,0.22135416666666669,0.18125,tin,Oceanic,Tinrin
cja,1,0,0,chw,Malayo-Sumbawan,Cham (Western)
cjh,2,1,1,chl,Tsamosan,Chehalis (Upper)
cjs,1,0,0,shr,Turkic,Shor
ckb,13,0.8461538461538461,0.8461538461538461,krd,Iranian,Kurdish (Central)
cko,9,0.25,0.2222222222222222,anu,Kwa,Anufo
ckt,28,0.5194727891156462,0.4702380952380952,chk,Northern Chukotko-Kamchatkan,Chukchi
cku,24,0.7722222222222223,0.7464285714285714,koa,Muskogean,Koasati
cla,2,0,0,ron,West Chadic,Ron
cld,6,1,1,cld,Semitic,Chaldean (Modern)
cle,21,0.43373015873015874,0.3928571428571429,cle,Chinantecan,Chinantec (Lealao)
clh,8,1,1,NA,NA,NA
clk,1,1,1,idu,Digaroan,Idu
clm,1,1,1,cla,Central Salish,Clallam
clo,8,0.75,0.75,chx,Tequistlatecan,Chontal (Huamelultec Oaxaca)
cme,5,0.2,0.2,kir,Southern-Central Gur,Kirma
cmi,1,1,1,emc,Choco,Embera Chami
cmn,25,0.2987142857142857,0.20800000000000002,kug,Chinese,Kunming
cng,8,0.7083333333333334,0.7,NA,NA,NA
cnh,14,0.06887755102040817,0.04761904761904762,lai,Kuki-Chin,Lai
cni,15,0.6433333333333333,0.6166666666666667,NA,NA,NA
cnm,3,1,1,NA,NA,NA
cnt,1,0.5,0.3333333333333333,cte,Chinantecan,Chinantec (Tepetotutla)
coc,5,0.74,0.68,ccp,Yuman,Cocopa
cod,11,0.5227272727272727,0.5151515151515151,coc,Tupi-Guaraní,Cocama
coe,2,1,1,kje,Tucanoan,Koreguaje
cof,5,0.95,0.9333333333333333,tsf,Barbacoan,Tsafiki
col,1,1,1,cwe,Interior Salish,Columbia-Wenatchi
com,21,0.6146825396825397,0.5723356009070295,cmn,Numic,Comanche
coo,4,1,1,cmx,Central Salish,Comox
cop,10,0.4666666666666667,0.45000000000000007,cop,Egyptian-Coptic,Coptic
cor,10,0.4,0.4,crn,Celtic,Cornish
cpa,10,0.575,0.5666666666666667,cpl,Chinantecan,Chinantec (Palantla)
cpc,15,0.6433333333333333,0.6166666666666667,NA,NA,NA
cqd,24,0.14350198412698414,0.0486111111111111,NA,NA,NA
crd,5,0.6,0.6,coe,Interior Salish,Coeur d'Alene
crh,1,0.6666666666666666,0.5,cri,Turkic,Crimean Tatar
crk,23,0.6400621118012422,0.5978260869565217,cre,Algonquian,Cree (Plains)
crn,6,0.6666666666666666,0.6666666666666666,cor,Corachol,Cora
cro,4,0.75,0.75,cro,Core Siouan,Crow
crq,1,0,0,NA,NA,NA
crt,1,0,0,NA,NA,NA
crw,14,0.1130952380952381,0.07142857142857144,chr,Bahnaric,Chrau
csm,1,1,1,mcs,Miwok,Miwok (Central Sierra)
css,6.5,0.775,0.775,cos,Costanoan,Rumsien
csw,3,0.6666666666666666,0.6666666666666666,cea,Algonquian,Cree (Swampy)
csy,9,0.1111111111111111,0.1111111111111111,chs,Kuki-Chin,Chin (Siyin)
csz,22,0.5375,0.5116883116883116,coo,Coosan,Coos (Hanis)
ctd,8,0.25,0.25,cti,Kuki-Chin,Chin (Tiddim)
ctg,1,0.75,0.7142857142857143,bec,Indic,Bengali (Chittagong)
cti,1,1,1,NA,NA,NA
ctm,9,0.6388888888888888,0.6,ctm,NA,Chitimacha
ctp,6,0.16666666666666669,0.16666666666666669,cso,Zapotecan,Chatino (Sierra Occidental)
ctu,1,1,1,NA,NA,NA
cua,1,1,1,cua,Bahnaric,Cua
cub,7,0.8095238095238095,0.7857142857142857,cub,Tucanoan,Cubeo
cui,2,1,1,cui,Guahiban,Cuiba
cup,8,0.625,0.625,cup,California Uto-Aztecan,Cupeño
cyb,19,0.7204260651629073,0.6842105263157895,cyv,NA,Cayuvava
cym,7.5,0.17113095238095238,0.16071428571428573,wec,Celtic,Welsh (Colloquial)
dag,9,0.4444444444444444,0.4444444444444444,dgb,Northern-Central Gur,Dagbani
dai,3,0,0,day,Day,Day
dal,2,1,1,dah,Dahalo,Dahalo
dan,14,0.3928571428571429,0.38095238095238093,dsh,Germanic,Danish
dar,5,0.8,0.8,drg,Lak-Dargwa,Dargwa
dau,2,0.5,0.5,sil,Daju,Sila
dav,2,0.5,0.5,dbd,Bantoid,Dabida
dbl,11,0.7166666666666667,0.6906926406926407,dyi,Northern Pama-Nyungan,Dyirbal
ddj,8,0.65,0.625,djr,Western Pama-Nyungan,Djaru
ddo,8,0.725,0.71875,tsz,Avar-Andic-Tsezic,Tsez
dds,8,0.75,0.75,dds,Dogon,Donno So
deg,3,0.33333333333333337,0.33333333333333337,deg,Edoid,Degema
der,4,1,1,deu,Bodo-Garo,Deuri
des,9,0.7222222222222222,0.7037037037037037,des,Tucanoan,Desano
deu,27,0.3970017636684304,0.3492063492063492,gbl,Germanic,German (Berlin)
dga,6,0.2222222222222222,0.16666666666666666,dga,Northern-Central Gur,Dagaare
dgl,22,0.671969696969697,0.6385281385281385,nbd,Nubian,Nubian (Dongolese)
dgz,22,0.6286796536796537,0.5833333333333334,dag,Dagan,Daga
dhi,3,1,1,dhm,Dhimalic,Dhimal
dhr,8,0.5,0.5,dhr,Western Pama-Nyungan,Dhargari
dhv,21,0.22817460317460317,0.15873015873015875,dre,Oceanic,Drehu
did,11,0.5,0.4848484848484848,did,Surmic,Didinga
dif,9,0.6555555555555556,0.6203703703703703,diy,Central Pama-Nyungan,Diyari
dih,14.5,0.6202380952380953,0.6109523809523809,die,Yuman,Diegueño (Mesa Grande)
dim,7,0.8571428571428571,0.8571428571428571,dim,South Omotic,Dime
dip,7,0.42857142857142855,0.42857142857142855,din,Nilotic,Dinka
diq,3,1,1,zaz,Iranian,Zazaki
dis,6,0.8333333333333334,0.8333333333333334,dms,Bodo-Garo,Dimasa
div,3,0.9444444444444444,0.9333333333333333,dhi,Indic,Dhivehi
djd,3,0.8333333333333334,0.8,jam,Jaminjungan,Jaminjung
dje,3,0.33333333333333337,0.33333333333333337,zar,Songhay,Zarma
dji,5,0.8,0.8,djn,Western Pama-Nyungan,Djinang
djj,8,0.625,0.625,ndj,Ndjébbana,Ndjébbana
djk,22,0.11325757575757575,0.04545454545454546,ndy,Creoles and Pidgins,Ndyuka
djm,9,0.5555555555555556,0.5555555555555556,jms,Dogon,Jamsay
djr,3,1,1,djm,Western Pama-Nyungan,Djambarrpuyngu
dju,8,0.625,0.625,sar,Sepik Hill,Sare
dmk,5,0.8,0.8,dmk,Indic,Domaaki
dni,23,0.6386128364389234,0.5962732919254659,dni,Dani,Dani (Lower Grand Valley)
dnj,4,0.25,0.25,dan,Eastern Mande,Dan
dny,1,1,1,den,Arauan,Dení
doo,5,0.8,0.8,dgo,Ubangi,Dongo
dow,10,0.6833333333333333,0.68,doy,Samba-Duru,Doyayo
drd,5,0.6,0.6,drm,Bodic,Darma
drl,9,0.7777777777777778,0.7777777777777778,pkn,Central Pama-Nyungan,Paakantyi
dru,12,0.7916666666666666,0.7777777777777778,ruk,Rukai,Rukai (Tanan)
dsb,3,0.6666666666666666,0.6666666666666666,srl,Slavic,Sorbian (Lower)
dsh,2,1,1,dha,Lowland East Cushitic,Dhaasanac
dta,10,0.7,0.67,dgr,Mongolic,Dagur
dtd,1,1,1,nit,Southern Wakashan,Nitinaht
dua,1,0,0,dua,Bantoid,Duala
duc,6,0.5,0.5,dun,Duna,Duna
dud,7,0.14285714285714288,0.14285714285714288,duk,Kainji,Duka
duf,2,0.5,0.5,pta,Oceanic,Paita
duj,12,0.375,0.33333333333333337,dda,Western Pama-Nyungan,Dhuwal (Dätiwuy)
duo,2,0,0,agd,Greater Central Philippine,Agta (Dupaningan)
dus,9,0.6666666666666666,0.6666666666666666,dmi,Mahakiranti,Dumi
duu,3,0.33333333333333337,0.33333333333333337,dul,Nungish,Dulong
dyo,23,0.5887681159420289,0.5434782608695652,dio,Bak,Diola-Fogny
dyy,6,0.6944444444444444,0.6555555555555556,dja,Northern Pama-Nyungan,Djabugay
dzg,11,0.5454545454545454,0.5454545454545454,NA,NA,NA
efi,3,0.6666666666666666,0.6666666666666666,efi,Cross River,Efik
ega,1,0,0,ega,Ega,Ega
eip,7,0.7142857142857143,0.7142857142857143,eip,Mek,Eipo
ekg,11,0.7132034632034632,0.6515151515151515,eka,Wissel Lakes-Kemandoga,Ekari
eko,1,1,1,eko,Bantoid,Ekoti
eky,16,0.14322916666666669,0.0625,kyl,Karen,Kayah Li (Eastern)
ell,28,0.45191326530612247,0.4209183673469388,gcy,Greek,Greek (Cypriot)
eme,7,1,1,eme,Tupi-Guaraní,Émérillon
emi,7,0.14285714285714288,0.14285714285714288,mus,Oceanic,Mussau
emp,8,1,1,emb,Choco,Emberá (Northern)
enf,7,0.8571428571428571,0.8571428571428571,NA,NA,NA
eng,28,0.32925170068027204,0.2789115646258503,eng,Germanic,English
enh,7,0.8571428571428571,0.8571428571428571,NA,NA,NA
enn,12,0.29166666666666663,0.25,egn,Edoid,Engenni
eno,7,0.7142857142857143,0.7142857142857143,eno,Enggano,Enggano
enx,4,1,1,lng,Mascoian,Lengua
erg,9,0.6888888888888889,0.6666666666666666,err,Oceanic,Erromangan
erk,5,0.6,0.6,erk,Oceanic,Efate (South)
ese,8,0.125,0.125,ese,Tacanan,Ese Ejja
esq,2,1,1,ess,NA,Esselen
ess,2,1,1,ysl,Eskimo,Yupik (St. Lawrence Island)
est,13,0.6153846153846154,0.6153846153846154,est,Finnic,Estonian
esu,22,0.8045454545454546,0.79004329004329,ych,Eskimo,Yup'ik (Chevak)
eus,28,0.6474489795918368,0.6190476190476191,bqb,Basque,Basque (Bidasoa Valley)
eve,9,0.6666666666666666,0.6666666666666666,evn,Tungusic,Even
evn,27,0.7477072310405644,0.7160493827160493,eve,Tungusic,Evenki
ewe,24,0.38506944444444446,0.32638888888888895,ewa,Kwa,Ewe (Anglo)
ewo,9,0.4444444444444444,0.4444444444444444,ewo,Bantoid,Ewondo
faa,4,1,1,fas,Fasu,Fasu
fao,3,0.33333333333333337,0.33333333333333337,far,Germanic,Faroese
fij,25,0.27919047619047616,0.22000000000000003,fij,Oceanic,Fijian
fin,26,0.477014652014652,0.4358974358974359,fin,Finnic,Finnish
fla,10,0.575,0.5714285714285714,kls,Interior Salish,Kalispel
fon,5,0.2,0.2,fon,Kwa,Fongbe
for,5,0.8,0.8,for,Eastern Highlands,Fore
fos,1,1,1,sry,East Formosan,Siraya
fqs,5,0.6,0.6,fqs,Baibai-Fas,Momu
fra,26,0.43411172161172157,0.3814102564102564,fre,Romance,French
frs,5,0.15,0.13333333333333333,fea,Germanic,Frisian (Eastern)
fry,1,0.125,0,frw,Germanic,Frisian (Western)
fub,16,0.7890625,0.7708333333333333,fua,Peul-Serer,Fulfulde (Adamawa)
fud,2,0.125,0,fue,Oceanic,Futuna (East)
fuf,1,1,1,fgu,Peul-Serer,Fula (Guinean)
fun,6,1,1,ful,Yatê,Fulniô
fut,11,0.1818181818181818,0.1818181818181818,fut,Oceanic,Futuna-Aniwa
fuu,7,0.5714285714285714,0.5714285714285714,bgr,Bongo-Bagirmi,Bagiro
fvr,15,0.5944444444444444,0.5285714285714286,fur,NA,Fur
gaa,6,0.5,0.5,ga,Kwa,Gã
gae,11,0.8181818181818181,0.8181818181818181,wrk,Alto-Orinoco,Warekena
gag,1,1,1,gag,Turkic,Gagauz
gah,10,1,1,gah,Eastern Highlands,Gahuku
gaj,7,0.8571428571428571,0.8571428571428571,gds,Eastern Highlands,Gadsup
gbd,4,0.75,0.75,krj,Western Pama-Nyungan,Karadjeri
gbi,1,0.25,0,gll,North Halmaheran,Galela
gbp,9,0.5,0.48148148148148145,gbb,Gbaya-Manza-Ngbaka,Gbeya Bossangoa
gbr,6,0.041666666666666664,0,gwa,Nupoid,Gwari
gbu,6,0.5833333333333334,0.5666666666666667,gaa,NA,Gaagudju
gcd,11,0.6363636363636364,0.6363636363636364,yuk,Tangkic,Yukulta
gdb,1,1,1,gdk,Central Dravidian,Gadaba (Kondekor)
gde,10,0.5333333333333333,0.5,gud,Biu-Mandara,Gude
gdm,8,0.5,0.5,laa,NA,Laal
gdo,8,0.8041666666666667,0.7291666666666666,god,Avar-Andic-Tsezic,Godoberi
gdq,11,0.5303030303030303,0.5272727272727273,meh,Semitic,Mehri
geb,1,1,1,kie,Mikarew,Kire
gey,2,1,1,eny,Bantoid,Enya
gge,3,0.7222222222222222,0.6666666666666666,grg,Burarran,Gurr-goni
ggn,9,0.4444444444444444,0.4444444444444444,NA,NA,NA
ggo,8,0.625,0.625,NA,NA,NA
ggw,2,1,1,gog,Gogodala,Gogodala
ghs,4,0.75,0.75,guh,Binanderean,Guhu-Samane
gil,19,0.4583333333333333,0.42105263157894735,krb,Oceanic,Kiribati
gis,2,0.5,0.5,NA,NA,NA
git,3,0.6666666666666666,0.6666666666666666,git,Tsimshianic,Gitksan
giz,2,0.5,0.5,NA,NA,NA
gju,2,1,1,goj,Indic,Gojri
gkn,9,0.2222222222222222,0.2222222222222222,gok,Cross River,Gokana
gla,11,0.4,0.38636363636363635,gae,Celtic,Gaelic (Scots)
gld,2,0.5833333333333333,0.41666666666666663,nai,Tungusic,Nanai
gle,21,0.38492063492063494,0.35600907029478457,ird,Celtic,Irish (Donegal)
glg,1,1,1,glc,Romance,Galician
glk,4,0.5,0.5,gil,Iranian,Gilaki
glu,6,0.16666666666666669,0.16666666666666669,gul,Bongo-Bagirmi,Gula (in Central African Republic)
glv,1,0.5,0.3333333333333333,mnx,Celtic,Manx
gmm,5,0.6,0.6,mdo,Gbaya-Manza-Ngbaka,Mbodomo
gmv,4,1,1,gam,North Omotic,Gamo
gni,23,0.6204968944099379,0.572463768115942,goo,Bunuban,Gooniyandi
gnn,1,1,1,gmt,Western Pama-Nyungan,Gumatj
gno,8,0.625,0.625,NA,NA,NA
gnr,6,0.6666666666666666,0.6666666666666666,ggu,Southeastern Pama-Nyungan,Gureng Gureng
god,1.5,0.65,0.625,ddj,Kru,Dadjriwalé
gol,1,1,1,gol,Mel,Gola
gpn,2,0.7,0.625,tap,Gapun,Taiap
gqa,3,1,1,gnd,Biu-Mandara,Ga'anda
grj,25,0.4651904761904762,0.41333333333333333,grb,Kru,Grebo
grt,23,0.6519151138716356,0.606832298136646,gar,Bodo-Garo,Garo
gru,3,1,1,sod,Semitic,Soddo
gso,6,0.6666666666666666,0.6666666666666666,gbs,Gbaya-Manza-Ngbaka,Gbaya (Southwest)
gta,1,1,1,gto,NA,Guató
gub,5,0.6,0.6,gjj,Tupi-Guaraní,Guajajara
guc,6,0.8333333333333334,0.8333333333333334,goa,Caribbean Arawakan,Goajiro
gug,23,0.4711697722567288,0.4144927536231884,gua,Tupi-Guaraní,Guaraní
gui,1,0.75,0.6666666666666666,crg,Tupi-Guaraní,Chiriguano
guj,7,0.5714285714285714,0.5714285714285714,guj,Indic,Gujarati
guk,8,0.78125,0.75,gmz,NA,Gumuz
gup,12,0.5944444444444444,0.5791666666666666,bbw,Gunwinygic,Bininj Gun-Wok
guz,1,1,1,gus,Bantoid,Gusii
gvf,9,0.5555555555555556,0.5555555555555556,gln,Chimbu,Golin
gvn,11,0.5606060606060606,0.5393939393939394,kya,Northern Pama-Nyungan,Kuku-Yalanji
gvo,2,0.5,0.5,gav,Monde,Gavião
gvr,9,0.4444444444444444,0.4444444444444444,NA,NA,NA
gvs,11,0.5454545454545454,0.5454545454545454,gmw,Oceanic,Gumawana
gwd,1,1,1,dug,Lowland East Cushitic,Dullay (Gollango)
gww,8,0.5,0.5,gnn,Worrorran,Gunin
gya,2,0.125,0,gbk,Gbaya-Manza-Ngbaka,Gbaya (Northwest)
gyb,3,0.6666666666666666,0.6666666666666666,grs,Madang,Garus
gyd,26,0.5466117216117216,0.47435897435897434,kay,Tangkic,Kayardild
gym,8,0.6354166666666666,0.5833333333333334,nbr,Guaymiic,Ngäbere
gyy,1,1,1,gny,Northern Pama-Nyungan,Gunya
had,15,0.4157142857142857,0.3466666666666666,hat,Hatam,Hatam
hae,27,0.4865961199294533,0.44435626102292775,orh,Lowland East Cushitic,Oromo (Harar)
hak,1,1,1,hak,Chinese,Hakka
har,1,1,1,hrr,Semitic,Harari
hau,28,0.3218962585034013,0.26488095238095244,hau,West Chadic,Hausa
haw,18,0.20555555555555555,0.16666666666666669,haw,Oceanic,Hawaiian
hax,22,0.5434523809523809,0.46969696969696967,NA,NA,NA
hay,5,0.9,0.8666666666666667,hya,Bantoid,Haya
hch,8,1,1,hui,Corachol,Huichol
hdn,22,0.5434523809523809,0.46969696969696967,hno,Haida,Haida (Northern)
heb,27,0.5291446208112875,0.47839506172839513,hba,Semitic,Hebrew (Modern Ashkenazic)
heh,2,1,1,heh,Bantoid,Hehe
hei,1,1,1,hei,Northern Wakashan,Heiltsuk
hem,1,1,1,hem,Bantoid,Hemba
her,2,0.5,0.5,her,Bantoid,Herero
hia,10,0.4666666666666667,0.46,lmg,Biu-Mandara,Lamang
hid,5,0.8,0.8,hid,Core Siouan,Hidatsa
hil,3,0.33333333333333337,0.33333333333333337,hil,Greater Central Philippine,Hiligaynon
hin,25,0.5307619047619048,0.4833333333333333,hin,Indic,Hindi
hix,27,0.489021164021164,0.4425925925925926,hix,Cariban,Hixkaryana
hke,10,0.8,0.8,hnd,Bantoid,Hunde
hla,9,0.4722222222222222,0.4444444444444444,hal,Oceanic,Halia
hmr,7,0.38095238095238093,0.37142857142857144,hma,Kuki-Chin,Hmar
hmt,15,0.7944444444444444,0.7666666666666667,ham,Angan,Hamtai
hna,4,0.25,0.25,hna,Biu-Mandara,Mina
hnh,4,0.41666666666666663,0.375,ani,Khoe-Kwadi,//Ani
hnj,24,0.14350198412698414,0.0486111111111111,NA,NA,NA
hoa,7,0.2857142857142857,0.2857142857142857,hoa,Oceanic,Hoava
hoc,5,0.8,0.8,ho,Munda,Ho
hoo,1,1,1,hol,Bantoid,Holoholo
hop,7,0.8571428571428571,0.8571428571428571,hop,Hopi,Hopi
hrc,3,0.16666666666666669,0.1111111111111111,tga,Oceanic,Tangga
hrv,15,0.44166666666666665,0.4380952380952381,NA,NA,NA
hsb,2,0.8333333333333333,0.8333333333333333,sou,Slavic,Sorbian (Upper)
hto,16,0.734375,0.7321428571428572,hmi,Huitoto,Huitoto (Minica)
hun,28,0.5581632653061225,0.5238095238095238,hun,Ugric,Hungarian
hup,8,0.625,0.625,hup,Athapaskan,Hupa
hur,4.5,0.35714285714285715,0.35714285714285715,hli,Central Salish,Halkomelem (Island)
hus,9,0.2222222222222222,0.2222222222222222,htc,Mayan,Huastec
huu,6,0.8333333333333334,0.8333333333333334,hum,Huitoto,Huitoto (Murui)
huv,12,0.5044642857142857,0.47222222222222227,hve,Huavean,Huave (San Mateo del Mar)
hux,1,0.6666666666666666,0.5,hmu,Huitoto,Huitoto (Muinane)
huz,23,0.727743271221532,0.7101449275362319,hzb,Avar-Andic-Tsezic,Hunzib
hvn,4,0.5083333333333333,0.33333333333333337,saw,Central Malayo-Polynesian,Sawu
hwc,3,0.5,0.4444444444444444,hwc,Creoles and Pidgins,Hawaiian Creole
hye,19,0.6832188644688644,0.6616300366300366,arm,Armenian,Armenian (Eastern)
iai,16,0.2234375,0.1875,iaa,Oceanic,Iaai
ian,1,1,1,iat,Ndu,Iatmul
iba,10,0,0,iba,Malayo-Sumbawan,Iban
ibd,2,1,1,iwa,Iwaidjan,Iwaidja
ibo,17,0.367156862745098,0.2941176470588235,igb,Igboid,Igbo
idu,2,0.25,0.16666666666666666,ido,Idomoid,Idoma
ifb,4,0.75,0.75,ifu,Northern Luzon,Ifugao (Batad)
ifm,3,0.33333333333333337,0.33333333333333337,ifm,Bantoid,Ifumu
igb,1,0,0,ebi,Nupoid,Ebira
ige,2,0.5,0.5,ige,Idomoid,Igede
ign,6,0.6666666666666666,0.6666666666666666,ign,Bolivia-Parana,Ignaciano
ihp,2,1,1,iha,West Bomberai,Iha
ijc,11,0.8106060606060606,0.7727272727272727,ijo,Ijoid,Ijo (Kolokuma)
ike,3,0.5833333333333334,0.5555555555555556,ins,Eskimo,Inuktitut (Salluit)
ikx,9,0.8055555555555556,0.7777777777777778,ik,Kuliak,Ik
ilb,6,1,1,ila,Bantoid,Ila
ilo,2,0.5625,0.5,ilo,Northern Luzon,Ilocano
imi,5,1,1,amx,Madang,Anamuxra
imn,24,0.4589781746031746,0.39186507936507936,imo,Border,Imonda
ind,28,0.336437074829932,0.26547619047619053,ind,Malayo-Sumbawan,Indonesian
inh,22,0.6563852813852814,0.6136363636363636,ing,Nakh,Ingush
inz,2,0.625,0.5,cin,Chumash,Chumash (Ineseño)
iqu,9,0.5462962962962963,0.5,iqu,Zaparoan,Iquito
irh,6,0.5,0.5,irr,South Halmahera - West New Guinea,Irarutu
irk,20,0.49916666666666665,0.4625000000000001,irq,Southern Cushitic,Iraqw
irn,6,0.5,0.5,irx,NA,Iranxe
isi,5,0.2,0.2,nke,Bantoid,Nkem
isl,19,0.43947368421052635,0.4172932330827067,ice,Germanic,Icelandic
ita,17,0.3848039215686274,0.3627450980392157,ifi,Romance,Italian (Fiorentino)
itl,10,0.52,0.5,ite,Southern Chukotko-Kamchatkan,Itelmen
ito,5,0.8,0.8,ito,NA,Itonama
its,3,0.08333333333333334,0,ise,Defoid,Isekiri
itz,3,0.6666666666666666,0.6666666666666666,itz,Mayan,Itzaj
ium,7,0,0,mie,Hmong-Mien,Mien
iwm,2,0.5,0.5,iwm,Upper Sepik,Iwam
ixl,2,1,1,ixi,Mayan,Ixil
izz,9,0.33333333333333337,0.33333333333333337,izi,Igboid,Izi
jaa,1,1,1,bna,Arauan,Banawá
jac,26,0.4603937728937729,0.42051282051282046,NA,NA,NA
jae,9,0.6388888888888888,0.6296296296296297,jab,Oceanic,Jabêm
jai,26,0.4603937728937729,0.42051282051282046,NA,NA,NA
jao,4,0.8333333333333334,0.8,yny,Western Pama-Nyungan,Yanyuwa
jaq,2,1,1,yqy,Marind,Yaqay
jar,4,0.5625,0.5,jar,Bantoid,Jarawa (in Nigeria)
jav,3,0.08333333333333334,0,jav,Javanese,Javanese
jbj,1,1,1,ard,South Bird's Head Proper,Arandai
jbt,1,1,1,jbt,Jabutí,Jabutí
jbu,8,0.125,0.125,juk,Platoid,Jukun
jeb,8,1,1,jeb,Cahuapanan,Jebero
jei,2,0.5,0.5,yei,Morehead and Upper Maro Rivers,Yei
jel,2,0.5,0.5,ylm,Bulaka River,Yelmek
jet,1,1,1,mem,Border,Manem
jic,2,0.6,0.5,tol,NA,Tol
jig,7,0.8095238095238095,0.8,dji,Djingili,Djingili
jiu,2,0,0,NA,NA,NA
jiv,8,0.8125,0.7916666666666666,jiv,Jivaroan,Jivaro
jiy,2,0,0,NA,NA,NA
jle,4,0.75,0.75,msk,Talodi,Masakin
jpn,27,0.47420634920634924,0.4095238095238095,jpn,NA,Japanese
jqr,13,0.8615384615384616,0.8461538461538461,jaq,Aymaran,Jaqaru
jup,6,0.8333333333333334,0.8333333333333334,hpd,Nadahup,Hup
jya,4.5,1,1,gyc,rGyalrong,Gyarong (Cogtse)
kaa,7,0.8571428571428571,0.8571428571428571,kkp,Turkic,Karakalpak
kab,1,0.5,0.3333333333333333,kbl,Berber,Kabyle
kac,10,0,0,jng,Jingpho,Jingpho
kah,6,0.6666666666666666,0.6666666666666666,kar,Bongo-Bagirmi,Kara (in Central African Republic)
kal,14,0.8472883597883598,0.8306878306878307,gre,Eskimo,Greenlandic (East)
kam,6,0.8333333333333334,0.8333333333333334,kba,Bantoid,Kamba
kan,26,0.6366300366300367,0.5967032967032967,knd,Southern Dravidian,Kannada
kao,5,0.2,0.2,xas,Western Mande,Xasonga
kap,1,1,1,bez,Avar-Andic-Tsezic,Bezhta
kaq,1,0.6666666666666666,0.5,cap,Panoan,Capanahua
kas,10,0.49000000000000005,0.46785714285714286,kas,Indic,Kashmiri
kat,25,0.6065714285714285,0.5619047619047619,geo,Kartvelian,Georgian
kay,12,0.7083333333333333,0.7,kma,Tupi-Guaraní,Kamaiurá
kaz,1,0,0,kaz,Turkic,Kazakh
kbc,5,0.85,0.8,kdw,Kadiwéu,Kadiwéu
kbd,8,1,1,kab,Northwest Caucasian,Kabardian
kbh,5,1,1,cam,NA,Camsá
kbk,3,0.5,0.4444444444444444,koi,Koiarian,Koiari
kbl,5,1,1,kbu,Western Saharan,Kanembu
kbp,2,0.5,0.5,kby,Southern-Central Gur,Kabiyé
kbv,4,0.8571428571428572,0.8571428571428572,der,Senagi,Dla (Proper)
kbx,2,1,1,kbo,Botin,Kambot
kca,13,0.5673076923076923,0.5604395604395604,kty,Ugric,Khanty
kcd,1,0.25,0,knp,Morehead and Upper Maro Rivers,Kanum (Ngkâlmpw)
kcg,3,0.33333333333333337,0.33333333333333337,gwo,Platoid,Gworok
kcn,1,1,1,nub,Creoles and Pidgins,Nubi
kcr,6,0.8333333333333334,0.8333333333333334,ktl,Katla-Tima,Katla
kct,2,0.5,0.5,kai,Lower Ramu,Kaian
kcu,1,1,1,kmi,Bantoid,Kami
kcv,2,0.5,0.5,kte,Bantoid,Kete
kdd,2,1,1,ynk,Western Pama-Nyungan,Yankuntjatjara
kde,2,1,1,mkd,Bantoid,Makonde
kdh,4,0.8125,0.75,tem,Southern-Central Gur,Tem
kdj,9,0.5555555555555556,0.5555555555555556,kmj,Nilotic,Karimojong
kdr,1,1,1,krm,Turkic,Karaim
kee,7,0.8571428571428571,0.8571428571428571,ksa,Keresan,Keresan (Santa Ana)
kei,1,0.25,0,kei,Central Malayo-Polynesian,Kei
ken,1,1,1,kyg,Bantoid,Kenyang
ker,16,0.40625,0.34375,ker,East Chadic,Kera
ket,24,0.585515873015873,0.548611111111111,ket,Yeniseian,Ket
kew,25,0.5641904761904761,0.5152380952380953,NA,NA,NA
kfa,3,0.8333333333333334,0.8,kod,Southern Dravidian,Kodava
kfb,13,0.6461538461538462,0.6346153846153846,NA,NA,NA
kfc,1,1,1,kda,South-Central Dravidian,Konda
kff,6,1,1,koy,South-Central Dravidian,Koya
kfk,6,0.6666666666666666,0.6666666666666666,knn,Bodic,Kinnauri
kfq,7,0.6428571428571429,0.6285714285714286,kku,Munda,Korku
kfy,4,0.75,0.75,kum,Indic,Kumauni
kfz,23,0.3829710144927536,0.34057971014492755,kfe,Northern-Central Gur,Koromfe
kgg,2,1,1,kus,NA,Kusunda
kgj,11,0.8181818181818182,0.8181818181818182,kmh,Mahakiranti,Kham
kgo,25,0.4304761904761905,0.38857142857142857,kro,Kadugli,Krongo
kgp,3,0.33333333333333337,0.33333333333333337,kng,Ge-Kaingang,Kaingang
kgq,5,1,1,kmr,Asmat-Kamoro,Kamoro
kgr,10,0.075,0,abu,North-Central Bird's Head,Abun
kgs,8,0.625,0.625,gum,Southeastern Pama-Nyungan,Gumbaynggir
kgy,3,1,1,kgy,Bodic,Kyirong
kha,22,0.20243506493506497,0.14015151515151514,khs,Khasian,Khasi
khc,26,0.4094780219780219,0.36538461538461536,NA,NA,NA
khd,2,0.5,0.5,knb,Morehead and Upper Maro Rivers,Kanum (Bädi)
khe,10,0.85,0.84,krw,Awju-Dumut,Korowai
khg,2,1,1,khd,Bodic,Kham (Dege)
khk,27,0.5164462081128748,0.4552028218694885,kha,Mongolic,Khalkha
khl,11,0.6363636363636364,0.6363636363636364,kkv,Oceanic,Lusi
khm,22,0.20037878787878785,0.1181818181818182,khm,Khmer,Khmer
khq,13,0.163003663003663,0.11538461538461538,kch,Songhay,Koyra Chiini
khr,6,0.33333333333333337,0.33333333333333337,khr,Munda,Kharia
khw,1,1,1,khw,Indic,Khowar
kic,1,0,0,kic,Algonquian,Kickapoo
kig,7,0.10714285714285714,0.047619047619047616,kim,Kolopom,Kimaghama
kij,22,0.49204545454545456,0.45454545454545453,klv,Oceanic,Kilivila
kik,11,0.7045454545454546,0.6969696969696969,kik,Bantoid,Kikuyu
kin,6,0.6875,0.6666666666666666,kin,Bantoid,Kinyarwanda
kio,24,0.7103174603174603,0.6666666666666666,kio,Kiowa-Tanoan,Kiowa
kir,8,0.775,0.75,kfy,Turkic,Kirghiz (Fu-Yu)
kjc,1,1,1,kjo,South Sulawesi,Konjo
kjd,6,0.75,0.7222222222222222,kiw,Kiwaian,Kiwai (Southern)
kjg,19,0.10219298245614035,0.01315789473684211,kmu,Khmuic,Khmu'
kjh,3,0.4,0.33333333333333337,khk,Turkic,Khakas
kjj,5,0.8,0.8,khi,Lezgic,Khinalug
kjn,1,1,1,kjn,Northern Pama-Nyungan,Kunjen
kjq,25,0.5268095238095238,0.4773333333333333,aco,Keresan,Acoma
kjs,25,0.5641904761904761,0.5152380952380953,NA,NA,NA
kju,1,1,1,ksh,Pomoan,Kashaya
kki,4,1,1,kgr,Bantoid,Kagulu
kkk,9,0.11111111111111109,0.11111111111111109,kkt,Oceanic,Kokota
kkl,4,1,1,yal,Mek,Yale (Kosarek)
kky,11,0.503030303030303,0.45454545454545453,guu,Northern Pama-Nyungan,Guugu Yimidhirr
kla,10,0.55,0.5333333333333333,klm,Klamath-Modoc,Klamath
klb,7,0.8571428571428571,0.8571428571428571,klw,Yuman,Kiliwa
kld,10,0.5,0.5,gml,Southeastern Pama-Nyungan,Gamilaraay
kle,4,1,1,klg,Mahakiranti,Kulung
klj,11,0.5636363636363636,0.5454545454545454,khl,Turkic,Khalaj
kln,14,0.7627551020408163,0.7380952380952381,nan,Nilotic,Nandi
klq,6,0.5,0.5,rum,Turama-Kikorian,Rumu
klr,9,0.7777777777777778,0.7777777777777778,khg,Mahakiranti,Khaling
kls,1,1,1,klh,Indic,Kalasha
klu,2,0.5,0.5,kla,Kru,Klao
kma,7,0.7142857142857143,0.7142857142857143,kni,Northern-Central Gur,Konni
kmc,4,0.14375,0,don,Kam-Tai,Dong (Southern)
kmg,2,0.41666666666666663,0.26666666666666666,kat,Finisterre-Huon,Kâte
kmh,2,0.5,0.5,klq,Madang,Kalam
kmj,2,0.375,0.2,mto,Northern Dravidian,Malto
kmn,12,0.4652777777777778,0.41666666666666663,awt,Ram,Awtuw
kmo,9,0.5555555555555556,0.5555555555555556,kwo,Nukuma,Kwoma
kmr,5,0.7,0.6666666666666666,kji,Iranian,Kurmanji
kms,7,0.2857142857142857,0.2857142857142857,kmz,Marienberg,Kamasau
kna,11,0.6363636363636364,0.6060606060606061,knk,West Chadic,Kanakuru
knc,26,0.6519230769230769,0.6172161172161172,knr,Western Saharan,Kanuri
kng,16,0.5494791666666666,0.5104166666666667,fio,Bantoid,Fiote
knj,1,1,1,kwe,Mayan,Kanjobal (Western)
knm,6,0.6666666666666666,0.6666666666666666,cnm,Katukinan,Canamarí
knn,2,0.75,0.6666666666666666,kkn,Indic,Konkani
kny,1,1,1,kyo,Bantoid,Kanyok
koe,1,1,1,blj,Surmic,Baale
koi,7,0.8571428571428571,0.8571428571428571,kop,Permic,Komi-Permyak
kor,25,0.45952380952380956,0.3952380952380952,kor,NA,Korean
kos,11,0.28409090909090906,0.2727272727272727,kos,Oceanic,Kosraean
kot,6,0.8333333333333334,0.8333333333333334,lag,Biu-Mandara,Lagwan
koy,1,0,0,kyn,Athapaskan,Koyukon
kpj,3,1,1,jva,Karajá,Karajá
kpm,2,0.5,0.5,sre,Bahnaric,Sre
kpo,3,1,1,kpo,Kwa,Kposo
kps,1,0.5,0.3333333333333333,tht,West Bird's Head,Tehit
kpt,1,0.5,0.3333333333333333,krt,Avar-Andic-Tsezic,Karata
kpv,3,0.41666666666666663,0.33333333333333337,kzy,Permic,Komi-Zyrian
kpw,22,0.49583333333333335,0.44242424242424244,kob,Madang,Kobon
kpx,7,1,1,kmo,Koiarian,Koiali (Mountain)
kpy,7,0.5714285714285714,0.5714285714285714,kry,Northern Chukotko-Kamchatkan,Koryak
kpz,3,1,1,seb,Nilotic,Sebei
kqi,5,1,1,kta,Koiarian,Koita
kqs,13,0.45787545787545786,0.4358974358974359,NA,NA,NA
kqz,13,0.4038461538461539,0.38461538461538464,krn,Khoe-Kwadi,Korana
krc,9,0.7777777777777778,0.7777777777777778,krc,Turkic,Karachay-Balkar
krk,1,1,1,krq,Northern Chukotko-Kamchatkan,Kerek
krs,8,0.5,0.5,kre,Kresh,Kresh
ksb,7,0.8571428571428571,0.8571428571428571,shm,Bantoid,Shambala
ksd,11,0.15151515151515152,0.13636363636363635,tla,Oceanic,Tolai
ksf,2,0.5,0.5,bfi,Bantoid,Bafia
ksi,8,0.125,0.125,isa,Krisa,I'saka
kss,13,0.45787545787545786,0.4358974358974359,kss,Mel,Kisi (Southern)
kst,1,0.5,0.3333333333333333,kow,Southern-Central Gur,Ko (Winye)
ksw,7,0.04081632653061225,0.023809523809523808,ksg,Karen,Karen (Sgaw)
ktd,6,0.75,0.7222222222222222,gug,Western Pama-Nyungan,Gugada
ktg,5,0.8333333333333334,0.78,kgu,Northern Pama-Nyungan,Kalkatungu
ktn,1,0.6666666666666666,0.5,kna,Arikem,Karitiâna
kto,8,0.5,0.5,kuo,NA,Kuot
ktw,1,1,1,kto,Athapaskan,Kato
ktz,25,0.25166666666666665,0.18666666666666665,juh,Ju-Kung,Ju|'hoan
kue,5,0.8,0.8,kmn,Chimbu,Kuman
kum,1,1,1,kuq,Turkic,Kumyk
kun,18,0.7314814814814815,0.6970899470899471,knm,NA,Kunama
kup,8,0.875,0.875,kmp,Goilalan,Kunimaipa
kut,28,0.3572704081632653,0.31190476190476196,kut,NA,Kutenai
kuy,2,0.5,0.5,kuu,Northern Pama-Nyungan,Kuuku Ya'u
kuz,1,1,1,atm,Kunza,Atacameño
kva,1,1,1,bgv,Avar-Andic-Tsezic,Bagvalal
kvd,1,0.5,0.3333333333333333,kiu,Greater Alor,Kui (in Indonesia)
kvg,4,0.875,0.8333333333333334,boa,Marind,Boazi
kvn,1,1,1,kun,Kuna,Kuna
kvv,1,1,1,koo,Central Malayo-Polynesian,Kola
kvw,1,0.25,0,kln,Kolana-Tanglapui,Kolana
kwa,3,1,1,daw,Nadahup,Dâw
kwd,7,0.27380952380952384,0.22857142857142856,kwa,Oceanic,Kwaio
kwi,25,0.609904761904762,0.5599999999999999,awp,Barbacoan,Awa Pit
kwk,5,1,1,kwk,Northern Wakashan,Kwakw'ala
kwn,9,0.5555555555555556,0.5555555555555556,kwn,Bantoid,Kwangali
kwo,8,0.625,0.625,kwt,NA,Kwomtari
kwy,3,0.6666666666666666,0.6666666666666666,kwy,Bantoid,Iwoyo
kxa,9,0.33333333333333337,0.33333333333333337,krr,Oceanic,Kairiru
kxu,6,0.41666666666666663,0.3888888888888889,kui,South-Central Dravidian,Kui (in India)
kxv,7,0.8571428571428571,0.8571428571428571,kuv,South-Central Dravidian,Kuvi
kyc,8,0.5,0.5,kyk,Engan,Kyaka
kyh,23,0.5959109730848862,0.5414078674948241,krk,NA,Karok
kyq,6,0.6666666666666666,0.6666666666666666,ken,Bongo-Bagirmi,Kenga
kyx,1,0.5,0.3333333333333333,knu,West Bougainville,Konua
kyz,4,0.75,0.75,kyz,Tupi-Guaraní,Kayabí
kza,7,0.6428571428571429,0.6190476190476191,tny,Senufo,Tenyer
kzj,3,0.33333333333333337,0.33333333333333337,kdz,North Borneo,Kadazan
kzw,7,0.8214285714285714,0.8095238095238095,kri,Kariri,Kipea
lac,5,0.6,0.6,lac,Mayan,Lacandón
lad,1,1,1,lno,Romance,Ladino
lae,4,1,1,ptt,Bodic,Pattani
laf,2,0.5,0.5,laf,Lafofa,Lafofa
lag,2,1,1,lgi,Bantoid,Langi
laj,26,0.4639652014652015,0.4128205128205128,lan,Nilotic,Lango
lam,3,0.33333333333333337,0.33333333333333337,lmb,Bantoid,Lamba
lao,12,0.020833333333333332,0,lao,Kam-Tai,Lao
lav,25,0.5243333333333333,0.4861904761904762,lat,Baltic,Latvian
laz,2,1,1,ari,Oceanic,Aribwatsa
lbe,11,0.6257575757575757,0.5833333333333334,lak,Lak-Dargwa,Lak
lbj,18,0.8050925925925926,0.753968253968254,lad,Bodic,Ladakhi
lbu,1,0,0,lab,Oceanic,Labu
lbz,1,1,1,lrd,Tangkic,Lardil
lch,3,1,1,luc,Bantoid,Lucazi
lcm,4,0,0,tnk,Oceanic,Tungak
lea,5,0.8,0.8,leg,Bantoid,Lega
lec,6,1,1,lec,NA,Leko
led,7,0.5714285714285714,0.5714285714285714,ldu,Lendu,Lendu
lef,9,0.5555555555555556,0.5555555555555556,llm,Kwa,Lelemi
lep,21,0.31507936507936507,0.26077097505668934,lep,Lepcha,Lepcha
les,3,1,1,les,Mangbutu-Efe,Lese
lez,28,0.5679421768707483,0.5059523809523809,lez,Lezgic,Lezgian
lgg,10,0.48333333333333334,0.4466666666666667,lug,Moru-Ma'di,Lugbara
lgu,9,0.2222222222222222,0.2222222222222222,lgu,Oceanic,Longgu
lhm,3,1,1,lho,Bodic,Lhomi
lhu,14,0.12738095238095237,0.07142857142857144,lah,Burmese-Lolo,Lahu
lif,13,0.8269230769230769,0.8205128205128205,lim,Mahakiranti,Limbu
lil,5,1,1,lil,Interior Salish,Lillooet
lin,7,0.3928571428571429,0.38095238095238093,lin,Bantoid,Lingala
lis,2,0,0,lis,Burmese-Lolo,Lisu
lit,15,0.65,0.6476190476190476,lit,Baltic,Lithuanian
liy,8,0.15625,0.125,lnd,Ubangi,Linda
ljp,10,0.29999999999999993,0.29999999999999993,lmp,Lampungic,Lampung
lkr,9,0.6666666666666666,0.6666666666666666,par,Nilotic,Päri
lkt,24,0.4263392857142857,0.3819444444444445,lkt,Core Siouan,Lakhota
lln,12,0.4916666666666667,0.4708333333333333,lel,East Chadic,Lele
llp,1,0,0,ngu,Oceanic,Nguna
lmc,5,0.8333333333333334,0.8,lml,Limilngan,Limilngan
lml,2,0.5,0.5,rag,Oceanic,Raga
lmn,9,0.4444444444444444,0.4444444444444444,lmn,Indic,Lamani
lmu,1,0,0,lmu,Oceanic,Lamen
lnb,3,0.33333333333333337,0.33333333333333337,mhu,Bantoid,Mbalanhu
lnj,6,0.6666666666666666,0.6666666666666666,agt,Northern Pama-Nyungan,Anguthimri
lob,1,0.5,0.3333333333333333,lob,Southern-Central Gur,Lobi
log,4,0.375,0.33333333333333337,lgt,Moru-Ma'di,Logoti
loj,6,0.16666666666666666,0.16666666666666666,lou,Oceanic,Lou
lol,2,0.5,0.5,mgo,Bantoid,Mongo
los,11,0.20454545454545453,0.1818181818181818,lon,Oceanic,Loniu
loy,1,1,1,brl,Bodic,Baragaunle
loz,2,0.5,0.5,loz,Bantoid,Lozi
lrg,7,0.7142857142857143,0.7142857142857143,lar,Laragia,Laragia
lti,4,1,1,let,Central Malayo-Polynesian,Leti
lua,1,1,1,blu,Bantoid,Bena-Lulua
lub,3,0.6666666666666666,0.6666666666666666,kil,Bantoid,Kiluba
lue,25,0.6002380952380952,0.5666666666666667,luv,Bantoid,Luvale
lug,12,0.7708333333333333,0.75,lda,Bantoid,Luganda
lui,7,0.8571428571428571,0.8571428571428571,lui,California Uto-Aztecan,Luiseño
lun,9,0.6666666666666666,0.6666666666666666,lbu,Bantoid,Lunda
luo,12,0.5833333333333334,0.5833333333333334,luo,Nilotic,Luo
lus,11,0.1818181818181818,0.1818181818181818,miz,Kuki-Chin,Mizo
lut,1,1,1,lus,Central Salish,Lushootseed
luy,1,1,1,luy,Bantoid,Luyia
lvk,26,0.5988553113553113,0.5512820512820513,lav,Lavukaleve,Lavukaleve
lwm,2,1,1,NA,NA,NA
lwo,2,1,1,jlu,Nilotic,Luwo
lww,7,0.42857142857142855,0.42857142857142855,lew,Oceanic,Lewo
lzz,3,0.9444444444444444,0.9333333333333333,laz,Kartvelian,Laz
mad,3,0.5972222222222222,0.5333333333333333,mdr,Malayo-Sumbawan,Madurese
mag,2,1,1,mgh,Indic,Magahi
mah,1,1,1,msh,Oceanic,Marshallese
mai,11,0.45454545454545453,0.4242424242424242,mai,Indic,Maithili
mak,1,1,1,mks,South Sulawesi,Makassar
mal,10,0.575,0.5714285714285714,mym,Southern Dravidian,Malayalam
mam,14,0.47619047619047616,0.4714285714285714,mam,Mayan,Mam
maq,3,0.6666666666666666,0.6666666666666666,mzc,Popolocan,Mazatec (Chiquihuitlán)
mar,12,0.5604166666666667,0.5337301587301587,mhi,Indic,Marathi
mas,12,0.5892857142857143,0.5694444444444444,maa,Nilotic,Maasai
mau,5,0.8,0.8,mzh,Popolocan,Mazatec (Huautla)
mbb,8,0.375,0.375,mwb,Greater Central Philippine,Manobo (Western Bukidnon)
mbc,17,0.6019607843137255,0.5911764705882353,mac,Cariban,Macushi
mbj,2,0.3333333333333333,0.25,nad,Nadahup,Nadëb
mbl,1,1,1,max,Maxakalí,Maxakalí
mbp,2,0.25,0.16666666666666666,dam,Arhuacic,Damana
mbq,8,0.75,0.75,msn,Oceanic,Maisin
mcb,3,0.33333333333333337,0.33333333333333337,mch,Pre-Andine Arawakan,Machiguenga
mcd,3,1,1,shh,Panoan,Sharanahua
mcf,1,0.3333333333333333,0.2,myr,Panoan,Matsés
mch,7,0.8571428571428571,0.8571428571428571,cde,Cariban,Carib (De'kwana)
mcn,5,0.4,0.4,mas,Masa,Masa
mco,5,0.4,0.4,mco,Mixe-Zoque,Mixe (Coatlán)
mcr,1,1,1,mey,Angan,Menya
mcs,3,1,1,mmi,Mbumic,Mambai
mdd,6,0,0,mbm,Mbumic,Mbum
mde,16,0.6640625,0.6428571428571428,mab,Maban,Maba
mdi,5,0.8,0.8,mmv,Mangbutu-Efe,Mamvu
mdj,8,0.625,0.625,mbt,Mangbetu,Mangbetu
mdm,5,0.4,0.4,myg,Ubangi,Mayogo
mdq,3,1,1,mbl,Bantoid,Mbole
mdw,1,0,0,mdw,Bantoid,Mbosi
mdx,4,0.6416666666666666,0.5208333333333334,diz,Dizoid,Dizi
mdy,1,1,1,mle,North Omotic,Maale
mec,11,0.6363636363636364,0.6363636363636364,mra,Mara,Mara
mei,1,0.6666666666666666,0.6,mid,Nubian,Midob
mej,10,0.5,0.5,mea,East Bird's Head,Meyah
mek,2,1,1,mke,Oceanic,Mekeo
men,11,0.43939393939393934,0.3939393939393939,mde,Western Mande,Mende
mep,3,0.6666666666666666,0.6666666666666666,mir,Jarrakan,Miriwung
meu,11,0.2954545454545455,0.2727272727272727,mtu,Oceanic,Motu
mev,10,0.225,0.2,man,Eastern Mande,Mano
mez,9,0.8888888888888888,0.8888888888888888,men,Algonquian,Menomini
mfc,6,0.8333333333333334,0.8333333333333334,mba,Ubangi,Mba
mfe,1,0.3333333333333333,0,mcr,Creoles and Pidgins,Mauritian Creole
mfi,6,0.6666666666666666,0.6666666666666666,mlg,Biu-Mandara,Malgwa
mfr,3,0.5,0.4444444444444444,mrh,Bringen,Marrithiyel
mgd,8,0.625,0.625,mou,Moru-Ma'di,Moru
mge,1,1,1,mgq,Bongo-Bagirmi,Mango
mgf,3,0.6666666666666666,0.6666666666666666,mkl,Bulaka River,Maklew
mgh,4,1,1,NA,NA,NA
mgl,7,0.2857142857142857,0.2857142857142857,mlu,Oceanic,Maleu
mgp,5,0.8,0.8,mag,Mahakiranti,Magar
mgr,3,1,1,mmw,Bantoid,Mambwe
mgu,2,0.5,0.5,mgi,Mailuan,Magi
mgw,6,0.6666666666666666,0.6666666666666666,mtb,Bantoid,Matuumbi
mhd,1,1,1,mbg,Southern Cushitic,Mbugu
mhi,11,0.25,0.2181818181818182,mad,Moru-Ma'di,Ma'di
mhj,7,0.6666666666666666,0.6571428571428571,mog,Mongolic,Moghol
mhk,4,0.75,0.75,mgk,Bantoid,Mungaka
mhq,11,1,1,mdn,Core Siouan,Mandan
mhr,10,0.7,0.7,mme,Mari,Mari (Meadow)
mhs,1,0.5,0.3333333333333333,buu,Central Malayo-Polynesian,Buru
mhu,8,0.8348214285714286,0.7916666666666666,dig,Digaroan,Digaro
mhx,6,0,0,mru,Burmese-Lolo,Maru
mhy,2,0,0,myn,Barito,Ma'anyan
mhz,2,1,1,mor,South Halmahera - West New Guinea,Mor
mie,7,0.14285714285714288,0.14285714285714288,mxo,Mixtecan,Mixtec (Ocotepec)
mif,3,0,0,mof,Biu-Mandara,Mofu-Gudur
mig,26,0.4283424908424908,0.3756410256410257,mxc,Mixtecan,Mixtec (Chalcatongo)
mik,9,1,1,mki,Muskogean,Mikasuki
mil,9,0.33333333333333337,0.33333333333333337,mxp,Mixtecan,Mixtec (Peñoles)
mim,1,1,1,mxl,Mixtecan,Mixtec (Alacatlatzala)
min,11,0.0909090909090909,0.0909090909090909,min,Malayo-Sumbawan,Minangkabau
mio,7,0.42857142857142855,0.42857142857142855,mxj,Mixtecan,Mixtec (Jicaltepec)
miq,9,0.5185185185185185,0.5,mis,Misumalpan,Miskito
miy,1,0,0,mxt,Mixtecan,Mixtec (Ayutla)
miz,1,0,0,mxz,Mixtecan,Mixtec (Coatzospan)
mjd,9,1,1,knw,Maiduan,Konkow
mjg,11,0.42424242424242425,0.41818181818181815,mgg,Mongolic,Mangghuer
mjk,1,1,1,mtk,Oceanic,Matukar
mjw,10,0.65,0.6333333333333333,mik,Kuki-Chin,Mikir
mkd,6,0.33333333333333337,0.33333333333333337,mcd,Slavic,Macedonian
mkf,13,0.4923076923076923,0.4807692307692307,miy,West Chadic,Miya
mkj,18,0.36527777777777776,0.33333333333333337,mok,Oceanic,Mokilese
mks,1,0,0,mxs,Mixtecan,Mixtec (Silacayoapan)
mky,21,0.3329365079365079,0.28095238095238095,tab,South Halmahera - West New Guinea,Taba
mkz,8,0.125,0.125,mkj,Makasae-Fataluku-Oirata,Makasae
mla,1,0.5,0.4,tmm,Oceanic,Tamabo
mlm,2,0.125,0,mul,Kam-Tai,Mulao
mlp,3,1,1,mug,Madang,Bargam
mlq,4,0.75,0.75,maw,Western Mande,Maninka (Western)
mls,12,1,1,msl,Maban,Masalit
mlt,8,0.4875,0.44791666666666663,mlt,Semitic,Maltese
mlu,1,0,0,toq,Oceanic,Toqabaqita
mlv,7,0.4642857142857143,0.42857142857142855,mwo,Oceanic,Mwotlap
mme,8,0,0,mae,Oceanic,Mae
mmn,6,0.16666666666666669,0.16666666666666669,mmn,Greater Central Philippine,Mamanwa
mmy,2,1,1,mig,East Chadic,Migama
mna,2,0.5,0.5,mmb,Oceanic,Mangap-Mbula
mnb,12,0.6666666666666666,0.6666666666666666,mna,Celebic,Muna
mnc,6,0.8333333333333334,0.8333333333333334,mnc,Tungusic,Manchu
mnf,1,1,1,mud,Bantoid,Mundani
mni,24,0.5435515873015873,0.4742063492063492,mei,Kuki-Chin,Meithei
mnk,3,0.5,0.4444444444444444,mdk,Western Mande,Mandinka
mnr,7,0.8571428571428571,0.8571428571428571,mno,Numic,Mono (in United States)
mns,14,0.6571428571428571,0.6428571428571429,mns,Ugric,Mansi
mnw,11,0.022727272727272724,0,mon,Monic,Mon
mnx,4,0.75,0.75,sgb,East Bird's Head,Sougb
mnz,2,0.5,0.5,mni,Wissel Lakes-Kemandoga,Moni
moc,8,0.75,0.75,mcv,South Guaicuruan,Mocoví
moe,4,0.625,0.5833333333333333,mtg,Algonquian,Montagnais
moh,10,0.7,0.7,moh,Northern Iroquoian,Mohawk
moj,2,0.5,0.5,mnz,Ubangi,Munzombo
mok,2,0.5,0.5,mri,NA,Moraori
mop,2,0.5,0.5,mop,Mayan,Mopan
mor,12,0.5833333333333334,0.5833333333333334,mro,Heiban,Moro
mos,8,0.625,0.625,moo,Northern-Central Gur,Mooré
mov,1,0,0,moj,Yuman,Mojave
moz,2,1,1,mko,East Chadic,Mokilko
mpb,7,0.6071428571428571,0.5782312925170068,mlk,Northern Daly,Malakmalak
mpc,24,0.6581845238095239,0.6329365079365079,myi,Mangarrayi,Mangarrayi
mpe,7,0.8571428571428571,0.8571428571428571,maj,Surmic,Majang
mph,23,0.6436335403726708,0.6086956521739131,mau,Iwaidjan,Maung
mpj,1,0.2,0,mnj,Western Pama-Nyungan,Mantjiltjara
mpk,7,0.5714285714285714,0.5714285714285714,mbr,Biu-Mandara,Mbara
mpm,3,0.08333333333333334,0,mxy,Mixtecan,Mixtec (Yosondúa)
mpq,7,0.7857142857142857,0.7714285714285715,mts,Panoan,Matis
mpt,10,0.7,0.7,mpt,Ok,Mian
mqf,2,1,1,mqf,Momuna,Momuna
mqm,5,0.2,0.2,NA,NA,NA
mqs,9,0.5185185185185185,0.5,wma,North Halmaheran,West Makian
mqy,6,0.16666666666666666,0.16666666666666666,mng,Central Malayo-Polynesian,Manggarai
mra,2,0.16666666666666666,0,mlm,Khmuic,Mlabri (Minor)
mrc,24,0.7499007936507937,0.7186507936507937,mar,Yuman,Maricopa
mrg,4.5,0.8928571428571428,0.8809523809523809,mhl,Tani,Miri (Hill):
mrh,6,0.16666666666666666,0.16666666666666666,cmr,Kuki-Chin,Chin (Mara)
mri,27,0.19413580246913584,0.12345679012345677,mao,Oceanic,Maori
mrq,5,0.2,0.2,NA,NA,NA
mrt,14,0.5535714285714286,0.5238095238095238,mrg,Biu-Mandara,Margi
mrz,13,0.6032051282051282,0.5576923076923077,mrd,Marind,Marind
msj,3,1,1,ma,Ubangi,Ma
mso,1,1,1,mom,NA,Mombum
msu,4,0.5,0.5,msm,Oceanic,Musom
msy,2,1,1,mkr,Mikarew,Mikarew
mte,4,0.5,0.5,moa,Oceanic,Mono-Alu
mtg,17,0.6661764705882353,0.6470588235294118,una,Mek,Una
mua,7,0.4642857142857143,0.42857142857142855,mdg,Mbumic,Mundang
mug,9,0.33333333333333337,0.33333333333333337,mgu,Biu-Mandara,Musgu
mur,16,0.6479166666666667,0.5997023809523809,mrl,Surmic,Murle
mus,5,1,1,crk,Muskogean,Creek
muz,7,0.8571428571428571,0.8571428571428571,mur,Surmic,Mursi
mva,14,0.5297619047619048,0.5,mnm,Oceanic,Manam
mvb,1,1,1,mtl,Athapaskan,Mattole
mvf,4,1,1,ord,Mongolic,Ordos
mvn,1,1,1,mnv,Oceanic,Minaveha
mwe,8,0.96875,0.9583333333333334,mwe,Bantoid,Mwera
mwf,2,0.625,0.5,mpa,Murrinh-Patha,Murrinh-Patha
mwp,1,0.875,0.8571428571428571,kly,Northern Pama-Nyungan,Kala Lagaw Ya
mwv,1,1,1,mnt,Northwest Sumatra-Barrier Islands,Mentawai
mww,1,0.25,0,hmd,Hmong-Mien,Hmong Daw
mxj,2,1,1,mij,Tani,Miju
mxk,2,0.625,0.5,mbo,NA,Monumbo
mxp,1,1,1,mth,Mixe-Zoque,Mixe (Tlahuitoltepec)
mxt,2,0,0,mja,Mixtecan,Mixtec (Jamiltepec)
mxu,2,0,0,mda,Biu-Mandara,Mada (in Cameroon)
mxx,10,0,0,mka,Western Mande,Mauka
mya,24,0.3344742063492063,0.2509920634920635,brm,Burmese-Lolo,Burmese
myb,8,0.8125,0.7916666666666666,mby,Bongo-Bagirmi,Mbay
mye,1,0,0,mpo,Bantoid,Mpongwe
myh,17,0.5044117647058823,0.47058823529411764,mak,Southern Wakashan,Makah
mym,8,0.875,0.875,mee,Surmic,Me'en
myp,23,0.522360248447205,0.45289855072463764,prh,Mura,Pirahã
myu,3,0.75,0.6666666666666666,muu,Munduruku,Mundurukú
myv,10,0.9,0.9,moe,Mordvin,Mordvin (Erzya)
mzb,1,1,1,bmz,Berber,Berber (Mzab)
mzh,25,0.4464285714285714,0.42000000000000004,wch,Matacoan,Wichí
mzm,11,0.14393939393939392,0.0909090909090909,mum,Mumuye-Yandang,Mumuye
mzn,2,0.5,0.5,mzn,Iranian,Mazanderani
mzp,3,0.33333333333333337,0.33333333333333337,mov,NA,Movima
nab,10,0.8714285714285714,0.8666666666666667,nmb,Nambikuaran,Nambikuára (Southern)
naf,9,0.7407407407407407,0.7333333333333333,nab,Finisterre-Huon,Nabak
nag,1,0.5,0.3333333333333333,npn,Creoles and Pidgins,Naga Pidgin
nak,12,0.4930555555555555,0.45833333333333337,nak,Oceanic,Nakanai
nal,2,0,0,nal,Oceanic,Nalik
nam,3.5,0.9,0.9,ngg,Ngankikurungkurr,Ngan'gityemerri
naq,24,0.39603174603174607,0.3392857142857143,kho,Khoe-Kwadi,Nama
nas,7,0.7142857142857143,0.7142857142857143,nas,East Bougainville,Nasioi
nau,1,1,1,nau,Oceanic,Nauruan
nav,19,0.506578947368421,0.4736842105263158,nav,Athapaskan,Navajo
nbc,9,0.6666666666666666,0.6666666666666666,chg,Northern Naga,Chang
nbi,7,0.5357142857142857,0.5238095238095238,nma,Kuki-Chin,Naga (Mao)
nbj,4,0.75,0.75,bnr,Western Pama-Nyungan,Bilinarra
nbl,10,0.7,0.7,ndb,Bantoid,Ndebele (in South Africa)
nbm,2,0.375,0.3333333333333333,nbm,Ubangi,Ngbaka (Ma'bo)
ncb,3,0.33333333333333337,0.33333333333333337,nic,Nicobarese,Nicobarese
nce,6,0.8333333333333334,0.8333333333333334,nag,Yale,Nagatman
ncg,10,0.14285714285714288,0.13333333333333333,nsg,Tsimshianic,Nisgha
ncj,5,0.8,0.8,nhn,Aztecan,Nahuatl (North Puebla)
nck,3,0.5833333333333334,0.5555555555555556,nkk,Nakkara,Nakkara
ncl,8,0.625,0.625,nhm,Aztecan,Nahuatl (Michoacán)
ncz,1,1,1,nat,NA,Natchez
ndi,1,0,0,sle,Samba-Duru,Samba Leko
ndo,12,0.5833333333333334,0.5833333333333334,ndo,Bantoid,Ndonga
ndt,6,0.5,0.5,mga,Ubangi,Mondunga
ndv,7,0.5714285714285714,0.5714285714285714,ndt,Cangin,Ndut
ndz,1,0.75,0.6666666666666666,ndg,Ubangi,Ndogo
nee,1,0.25,0,nel,Oceanic,Nelemwa
nen,1,0,0,nne,Oceanic,Nengone
nep,9,0.8518518518518519,0.8444444444444444,nep,Indic,Nepali
new,9,0.64375,0.6375,new,Mahakiranti,Newari (Kathmandu)
ney,2,0,0,ney,Kru,Neyo
nez,20,0.6725000000000001,0.65,nez,Sahaptian,Nez Perce
nfl,1,0,0,ayw,Oceanic,Ayiwo
nga,2,0.5,0.5,ngb,Gbaya-Manza-Ngbaka,Ngbaka (Minagende)
ngi,9,0.4444444444444444,0.4444444444444444,ngz,West Chadic,Ngizim
ngk,4,1,1,nkb,Gunwinygic,Ngalkbun
ngo,6,0.6666666666666666,0.6666666666666666,ngo,Bantoid,Ngoni
nhe,8,0.625,0.625,NA,NA,NA
nhg,21,0.45595238095238094,0.42857142857142855,nht,Aztecan,Nahuatl (Tetelcingo)
nhn,1,1,1,nhc,Aztecan,Nahuatl (Central)
nhu,9,0.4444444444444444,0.4444444444444444,non,Bantoid,Noni
nhw,8,0.625,0.625,NA,NA,NA
nhx,2,1,1,nmi,Aztecan,Nahuatl (Mecayapan Isthmus)
nia,10,0.6166666666666667,0.6,nia,Northwest Sumatra-Barrier Islands,Nias
nid,6,1,1,ngn,Ngandi,Ngandi
nig,14,0.6130952380952381,0.5857142857142857,ngl,Ngalakan,Ngalakan
nih,2,1,1,nyh,Bantoid,Nyiha
nio,9,0.6666666666666666,0.6666666666666666,nga,Samoyedic,Nganasan
nir,5,0.5,0.39999999999999997,nim,NA,Nimboran
nit,13,0.6461538461538462,0.6346153846153846,NA,NA,NA
niu,12,0.16666666666666669,0.16666666666666669,niu,Oceanic,Niuean
niv,24,0.6960813492063492,0.6509920634920635,niv,NA,Nivkh
niy,19,0.5021929824561403,0.46842105263157896,nti,Lendu,Ngiti
njb,5,1,1,noc,Northern Naga,Nocte
njh,7,0.7857142857142857,0.7619047619047619,lot,Kuki-Chin,Lotha
njm,6,0.33333333333333337,0.33333333333333337,NA,NA,NA
njo,11,0.6818181818181818,0.6666666666666666,ao,Kuki-Chin,Ao
nju,6,0.6666666666666666,0.6666666666666666,mrj,Western Pama-Nyungan,Mirniny
njz,7,0.5714285714285714,0.5714285714285714,nis,Tani,Nyishi
nko,8,0.5625,0.5416666666666666,nkn,Kwa,Nkonya
nkr,1,1,1,nkr,Oceanic,Nukuoro
nld,16,0.3307291666666667,0.30208333333333337,dbr,Germanic,Dutch (Brabantic)
nlg,4,0.25,0.25,gel,Oceanic,Gela
nll,5,0.47857142857142854,0.4,nah,NA,Nahali
nmd,5,0.4,0.4,ndu,Bantoid,Ndumu
nmf,8,0.9375,0.9166666666666666,ngt,Kuki-Chin,Naga (Tangkhul)
nmm,1,1,1,nmm,Bodic,Manange
nmn,1,1,1,xoo,Tu,!Xóõ
nmu,14,0.7797619047619048,0.75,mne,Maiduan,Maidu (Northeast)
nnb,3,1,1,nde,Bantoid,Nande
nni,11,0.4545454545454545,0.4545454545454545,NA,NA,NA
nnk,2,0.5,0.5,nnk,Finisterre-Huon,Nankina
nnm,8,0.375,0.375,nam,Yellow River,Namia
noa,6,1,1,wau,Choco,Waunana
nob,12,0.45833333333333337,0.4444444444444444,nor,Germanic,Norwegian
nog,6,1,1,nog,Turkic,Noghay
noo,4,0.9166666666666666,0.875,nuu,Southern Wakashan,Nuuchahnulth
npa,8,0.7083333333333334,0.7,nph,Bodic,Nar-Phu
nrb,7,0.6071428571428571,0.5714285714285714,nar,Nara,Nara (in Ethiopia)
nri,6,0.33333333333333337,0.33333333333333337,NA,NA,NA
nrz,6,0.6666666666666666,0.6666666666666666,all,Oceanic,Ala'ala
nse,3,0.6666666666666666,0.6666666666666666,nse,Bantoid,Nsenga
nsm,9,0.7962962962962963,0.7592592592592593,sem,Kuki-Chin,Sema
nsn,3,0.6666666666666666,0.6666666666666666,neh,Oceanic,Nehan
nso,6,0.6666666666666666,0.6666666666666666,stn,Bantoid,Sotho (Northern)
nst,1.5,1,1,jug,Northern Naga,Jugli
nsz,6,0.8333333333333334,0.8333333333333334,nsn,Maiduan,Nisenan
ntj,4,1,1,ntj,Western Pama-Nyungan,Ngaanyatjarra
ntm,1,1,1,ntn,Northern-Central Gur,Nateni
nto,1,1,1,nto,Bantoid,Ntomba
ntp,12,0.8333333333333334,0.8333333333333334,tpn,Tepiman,Tepehuan (Northern)
nuk,5,0.8,0.8,kyq,Southern Wakashan,Kyuquot
num,3,0,0,nif,Oceanic,Niuafo'ou
nun,1,0.3333333333333333,0.2,ano,Nungish,Anong
nup,7,0.19047619047619047,0.14285714285714288,nup,Nupoid,Nupe
nus,8,0.625,0.625,nue,Nilotic,Nuer
nut,10,0.025000000000000005,0,nun,Kam-Tai,Nung (in Vietnam)
nux,2,1,1,mhk,Tama Sepik,Mehek
nuy,22,0.6098484848484849,0.5833333333333333,nug,Nunggubuyu,Nunggubuyu
nvm,9,0.6944444444444444,0.6666666666666666,NA,NA,NA
nxg,8,0,0,ngd,Central Malayo-Polynesian,Ngad'a
nxl,11,0.4545454545454545,0.4545454545454545,NA,NA,NA
nxn,5,0.8,0.8,ngw,Northern Pama-Nyungan,Ngawun
nya,7,0.8571428571428571,0.8571428571428571,cic,Bantoid,Chichewa
nyh,4,0.625,0.5833333333333334,nyn,Nyulnyulan,Nyigina
nyi,6,0.5,0.5,nyi,Nyimang,Nyimang
nyj,1,0.75,0.6666666666666666,nng,Bantoid,Nyanga
nym,10,0.7,0.7,nym,Bantoid,Nyamwezi
nyn,8,0.75,0.75,rny,Bantoid,Runyankore
nyo,3,1,1,rru,Bantoid,Runyoro-Rutooro
nyt,4,0.375,0.33333333333333337,nya,Northern Pama-Nyungan,Nyawaygi
nyv,9,0.6666666666666666,0.6666666666666666,nyu,Nyulnyulan,Nyulnyul
nzk,6,0.6666666666666666,0.6666666666666666,nza,Ubangi,Nzakara
nzm,6,0.16666666666666669,0.16666666666666669,nze,Kuki-Chin,Naga (Zeme)
oaa,7,0.8857142857142857,0.8571428571428571,ork,Tungusic,Orok
oci,1,0.75,0.6666666666666666,occ,Romance,Occitan
ocu,10,0.7,0.7,ocu,Matlatzincan,Ocuilteco
ogo,11,0.3787878787878788,0.36363636363636365,kan,Cross River,Kana
ogu,9,0.5555555555555556,0.5555555555555556,obg,Cross River,Ogbronuagum
ojg,12,0.5333333333333333,0.5208333333333334,NA,NA,NA
ojs,1,1,1,ojs,Algonquian,Ojibwa (Severn)
oka,2,1,1,oka,Interior Salish,Okanagan
okv,5,0.8,0.8,oro,Binanderean,Orokaiva
old,1,1,1,cga,Bantoid,Chaga
oma,3,1,1,omh,Core Siouan,Omaha
omb,7,0.19047619047619047,0.17142857142857143,aml,Oceanic,Ambae (Lolovoli Northeast)
ona,10,0.375,0.2833333333333333,sel,Chon Proper,Selknam
one,26,0.5553571428571429,0.5192307692307693,ond,Northern Iroquoian,Oneida
ong,8,0.625,0.625,olo,Wapei-Palei,Olo
ons,4,0.4375,0.41666666666666663,ono,Finisterre-Huon,Ono
ood,11.5,0.6375,0.6347222222222222,nev,Tepiman,Nevome
oon,8,0.78125,0.75,ong,South Andamanese,Onge
opm,6,0.6666666666666666,0.6666666666666666,oks,NA,Oksapmin
opt,8,0.625,0.625,eud,Opata-Eudeve,Eudeve
ori,7,0.9523809523809523,0.9428571428571428,oya,Indic,Oriya
osa,9,0.2222222222222222,0.2222222222222222,osa,Core Siouan,Osage
oss,10,0.625,0.6,oss,Iranian,Ossetic
ote,16,0.40089285714285716,0.3541666666666667,otm,Otomian,Otomí (Mezquital)
otm,1,0.125,0,ots,Otomian,Otomí (Sierra)
otr,4,1,1,otr,Heiban,Otoro
otw,12,0.5333333333333333,0.5208333333333334,NA,NA,NA
otz,1,1,1,oix,Otomian,Otomí (Ixtenco)
oym,5,0.6,0.6,way,Tupi-Guaraní,Wayampi
pab,1,0,0,prc,Central Arawakan,Paresi
pac,1,1,1,pac,Katuic,Pacoh
pad,21,0.5757936507936507,0.5493197278911565,pau,Arauan,Paumarí
pag,7,0.5357142857142857,0.47619047619047616,pnn,Northern Luzon,Pangasinan
pam,4,0.75,0.75,kpm,Central Luzon,Kapampangan
pan,21,0.5785714285714285,0.558390022675737,pan,Indic,Panjabi
pao,11,0.4621212121212121,0.4363636363636364,pno,Numic,Paiute (Northern)
par,11,0.4727272727272728,0.45454545454545453,tsh,Numic,Tümpisa Shoshone
pau,16,0.44218750000000007,0.4,pal,Palauan,Palauan
pav,26,0.2687271062271062,0.2115384615384615,war,Chapacura-Wanham,Wari'
paw,11,0.8636363636363636,0.8484848484848485,pwn,Caddoan,Pawnee
pay,3,0.75,0.6666666666666666,pec,Paya,Pech
pbb,11,0.7954545454545454,0.7922077922077922,pae,Páezan,Páez
pbi,2,0.5,0.5,pod,Biu-Mandara,Podoko
pbr,1,1,1,png,Bantoid,Pangwa
pbs,5,0.6,0.6,pam,Pamean,Pame
pcc,3,0,0,yay,Kam-Tai,Yay
pce,4,0.0625,0,NA,NA,NA
peb,9,0.9444444444444444,0.9333333333333333,pme,Pomoan,Pomo (Eastern)
peh,5,0.8,0.8,bao,Mongolic,Bao'an
pei,2,0.5,0.5,cjo,Chichimec,Chichimeca-Jonaz
pej,1,1,1,pmn,Pomoan,Pomo (Northern)
pes,26,0.5241758241758242,0.4798534798534798,prs,Iranian,Persian
pia,9,0.7222222222222222,0.7037037037037037,pba,Tepiman,Pima Bajo
pib,6,0.6666666666666666,0.6666666666666666,pir,Purus,Piro
pid,8,0.75,0.75,pia,Piaroa,Piaroa
pif,1,1,1,pgl,Oceanic,Pingilapese
pip,8,0.5625,0.55,per,West Chadic,Pero
pit,9,0.7111111111111111,0.6944444444444444,ppi,Central Pama-Nyungan,Pitta Pitta
piv,1,0.2,0,pil,Oceanic,Pileni
pjt,11,0.5257575757575758,0.45454545454545453,pit,Western Pama-Nyungan,Pitjantjatjara
pko,9,0.7777777777777778,0.7777777777777778,pkt,Nilotic,Pokot
plg,10,0.7,0.7,pga,South Guaicuruan,Pilagá
plh,9,0.4722222222222222,0.4444444444444444,plh,Central Malayo-Polynesian,Paulohi
plo,1,0.6666666666666666,0.6,olu,Mixe-Zoque,Olutec
plt,27,0.3087742504409171,0.24691358024691357,mal,Barito,Malagasy
plu,10,0.4666666666666667,0.45,plk,Eastern Arawakan,Palikur
pma,21,0.5297619047619048,0.5079365079365079,pms,Oceanic,Paamese
pmi,7,0.7142857142857143,0.7142857142857143,NA,NA,NA
pmj,7,0.7142857142857143,0.7142857142857143,NA,NA,NA
png,1,0,0,awk,Kainji,Akwa
pnw,5,0.8333333333333334,0.7666666666666666,pny,Western Pama-Nyungan,Panyjima
poe,2,1,1,psj,Popolocan,Popoloca (San Juan Atzingo)
poi,6,0.8333333333333334,0.8333333333333334,zqs,Mixe-Zoque,Popoluca (Sierra)
pol,14,0.5297619047619048,0.5153061224489796,pol,Slavic,Polish
pom,20,0.7047619047619047,0.6523809523809524,pso,Pomoan,Pomo (Southeastern)
pon,11,0.40909090909090906,0.3939393939393939,poh,Oceanic,Pohnpeian
poo,2,0.26666666666666666,0.1,pmc,Pomoan,Pomo (Central)
por,16,0.453125,0.4375,por,Romance,Portuguese
pos,1,0,0,say,Mixe-Zoque,Sayula Popoluca
pot,1,0,0,pot,Algonquian,Potawatomi
poy,1,1,1,pog,Bantoid,Pogoro
ppk,2,0.625,0.5,uma,Celebic,Uma
ppl,17,0.507563025210084,0.49019607843137253,pip,Aztecan,Pipil
ppo,6,0.6666666666666666,0.6666666666666666,pdp,Teberan,Folopa
pqa,8,0.5,0.5,paa,West Chadic,Pa'a
pqm,15,0.5766666666666667,0.55,psm,Algonquian,Passamaquoddy-Maliseet
prn,4,0.5,0.5,pra,Nuristani,Prasuni
prs,1,1,1,dri,Iranian,Dari
prx,7,0.8571428571428571,0.8571428571428571,prk,Bodic,Purki
psa,1,1,1,pis,Awju-Dumut,Pisa
pss,5,0.2,0.2,kau,Oceanic,Kaulong
pst,13,0.5980769230769231,0.5796703296703297,psh,Iranian,Pashto
psw,4,0.5,0.5,psw,Oceanic,Port Sandwich
ptp,1,0,0,pat,Oceanic,Patep
pue,6,0.8333333333333334,0.8333333333333334,gku,Puelche,Gününa Küne
puw,10,0.3,0.3,pul,Oceanic,Puluwat
pwa,5,0.4,0.4,paw,Pawaian,Pawaian
pwg,3,0.5,0.4666666666666667,gap,Oceanic,Gapapaiwa
pwn,23,0.5255175983436853,0.463768115942029,pai,Paiwan,Paiwan
pwu,6,1,1,ptw,Wintuan,Patwin
pym,11,0.5454545454545454,0.5454545454545454,fye,Platoid,Fyem
quh,3,0.16666666666666669,0.1111111111111111,qco,Quechuan,Quechua (Cochabamba)
qui,11,0.6818181818181818,0.6666666666666666,qui,Chimakuan,Quileute
qum,9,0.4444444444444444,0.4444444444444444,qum,Mayan,Sipakapense
quy,1,1,1,qay,Quechuan,Quechua (Ayacucho)
qvh,8,0.875,0.875,qhu,Quechuan,Quechua (Huallaga)
qvi,28,0.6621173469387756,0.6377551020408163,qim,Quechuan,Quechua (Imbabura)
qvn,1,1,1,qta,Quechuan,Quechua (Tarma)
qxs,8,0.7083333333333334,0.7,NA,NA,NA
rab,3,1,1,cml,Mahakiranti,Camling
ram,22,0.26531385281385284,0.19696969696969693,cnl,Ge-Kaingang,Canela
ran,1,0,0,ria,Kolopom,Riantana
rao,4,0.5,0.5,rao,Annaberg,Rao
rap,27,0.21750440917107583,0.14567901234567898,rap,Oceanic,Rapanui
ras,4,0.775,0.7333333333333334,ori,Rashad,Orig
raw,12,0.125,0.11111111111111109,raw,Nungish,Rawang
rbb,4,0.0625,0,NA,NA,NA
rej,1,0,0,rej,Rejang,Rejang
rel,4,0.4125,0.3125,ren,Lowland East Cushitic,Rendille
rgr,10,0.525,0.5,res,Inland Northern Arawakan,Resígaro
rif,10,0.6,0.6,brf,Berber,Berber (Rif)
rim,2,1,1,rim,Bantoid,Rimi
rit,8,1,1,rit,Western Pama-Nyungan,Ritharngu
rji,1,0,0,rji,Raji-Raute,Raji
rkb,3,0.6666666666666666,0.6666666666666666,rik,Rikbaktsa,Rikbaktsa
rma,23,0.48307453416149065,0.4169772256728778,ram,Rama,Rama
rmb,3,1,1,rmb,Rembarnga,Rembarnga
rmn,2,0.375,0.3333333333333333,rav,Indic,Romani (Ajia Varvara)
rmt,7,0.8571428571428571,0.8571428571428571,dom,Indic,Domari
rmw,7,0.5714285714285714,0.5714285714285714,rwe,Indic,Romani (Welsh)
rmy,4,0.375,0.34523809523809523,rka,Indic,Romani (Kalderash)
roh,3,0.33333333333333337,0.33333333333333337,rmc,Romance,Romansch
ron,18,0.47222222222222215,0.4523809523809524,mol,Romance,Moldavian
rou,10,0.7,0.7,run,Maban,Runga
rth,3,0.16666666666666669,0.1111111111111111,tor,Sangiric,Toratán
rtm,7,0.5,0.4857142857142857,rot,Oceanic,Rotuman
rug,6,0.16666666666666669,0.16666666666666669,rov,Oceanic,Roviana
run,2,1,1,rnd,Bantoid,Rundi
rus,28,0.45340136054421776,0.41836734693877553,rus,Slavic,Russian
rut,8,0.875,0.875,rut,Lezgic,Rutul
rwa,6,0,0,pok,Serra Hills,Poko-Rawo
rwo,3,1,1,rwa,Finisterre-Huon,Rawa
sac,2,1,1,fox,Algonquian,Fox
sad,12,0.625,0.6166666666666667,sdw,NA,Sandawe
sag,23,0.25222567287784675,0.17391304347826092,san,Ubangi,Sango
sah,10,0.8200000000000001,0.8,ykt,Turkic,Yakut
saj,10,0.22500000000000003,0.20000000000000004,sah,North Halmaheran,Sahu
sat,9,0.7777777777777778,0.7777777777777778,stl,Munda,Santali
sba,12,0.5208333333333334,0.5,ngm,Bongo-Bagirmi,Ngambay
sbc,8,0.375,0.375,kel,Oceanic,Kele
sbe,11,0.5227272727272727,0.4909090909090909,slb,Oceanic,Saliba (in Papua New Guinea)
sbf,3,0.6666666666666666,0.6666666666666666,shb,NA,Shabo
sbs,2,1,1,sub,Bantoid,Subiya
sbu,1,1,1,tod,Bodic,Tod
sce,6,0.8333333333333334,0.8333333333333334,sta,Mongolic,Santa
scl,7,0.5714285714285714,0.5714285714285714,sna,Indic,Shina
scs,25,0.5135714285714286,0.4799999999999999,NA,NA,NA
sdg,4,1,1,sav,Indic,Savi
sdp,2,1,1,shd,Western Arunachal,Sherdukpen
sed,6,0.25,0.23333333333333334,sed,Bahnaric,Sedang
see,4,0.7125,0.625,snc,Northern Iroquoian,Seneca
seh,1,1,1,sen,Bantoid,Sena
sei,10,0.6,0.6,ser,Seri,Seri
sel,7,1,1,skp,Samoyedic,Selkup
sen,4,0.75,0.75,nrg,Senufo,Nanerge
ser,1,1,1,srr,California Uto-Aztecan,Serrano
ses,22,0.20416666666666666,0.13636363636363635,kse,Songhay,Koyraboro Senni
set,16,0.43697916666666664,0.38541666666666663,snt,NA,Sentani
sey,1,1,1,sec,Tucanoan,Secoya
sgw,5,0.8333333333333333,0.8333333333333333,chh,Semitic,Chaha
shb,6,0.6666666666666666,0.6666666666666666,shi,Yanomam,Shiriana
shh,5,1,1,sho,Numic,Shoshone
shi,9,0.8888888888888888,0.8888888888888888,tas,Berber,Tashlhiyt
shj,6,0.6666666666666666,0.6666666666666666,sht,Daju,Shatt
shk,9,0.6666666666666666,0.6666666666666666,shl,Nilotic,Shilluk
shp,20,0.5552380952380952,0.4907142857142857,shk,Panoan,Shipibo-Konibo
shs,14,0.6607142857142857,0.6428571428571429,shu,Interior Salish,Shuswap
sht,1,1,1,shs,Shasta,Shasta
shu,1,1,1,abb,Semitic,Arabic (Chadian)
shy,1,1,1,bch,Berber,Berber (Chaouia)
sid,8,0.625,0.625,sid,Highland East Cushitic,Sidaama
sif,3,0.6666666666666666,0.6666666666666666,sme,Kru,Seme
sin,4,0.90625,0.8928571428571428,snh,Indic,Sinhala
sip,9,0.1111111111111111,0.1111111111111111,skk,Bodic,Sikkimese
sis,12,0.7291666666666667,0.7222222222222222,siu,Siuslawan,Siuslaw
siw,6,0.9166666666666666,0.8888888888888888,mot,East Bougainville,Motuna
siz,4,0.5,0.5,bsi,Berber,Berber (Siwa)
sja,23,0.567184265010352,0.5101449275362319,epe,Choco,Epena Pedee
sjd,1,1,1,ski,Saami,Saami (Kildin)
sjg,4,1,1,sug,Taman,Sungor
sjr,3,0.33333333333333337,0.33333333333333337,sir,Oceanic,Siar
skd,19,0.7699248120300752,0.7393483709273183,mss,Miwok,Miwok (Southern Sierra)
skf,6,0.33333333333333337,0.33333333333333337,mek,Tupari,Mekens
skj,2,1,1,tbx,Bodic,Tangbe
sku,7,0.8571428571428571,0.8571428571428571,sak,Oceanic,Sakao
skv,3,0.75,0.6666666666666666,sko,Western Skou,Skou
slc,3,0.6666666666666666,0.6666666666666666,sba,Sáliba,Sáliba (in Colombia)
sld,1,1,1,ssa,Southern-Central Gur,Sisaala
sll,9,0.6203703703703703,0.5740740740740741,syu,Chimbu,Salt-Yui
sln,8,0.6875,0.6666666666666666,sal,NA,Salinan
slp,8,0.375,0.375,lmh,Central Malayo-Polynesian,Lamaholot
slr,1,1,1,slr,Turkic,Salar
slv,9,0.5555555555555556,0.5555555555555556,slo,Slavic,Slovene
sme,13,0.5961538461538461,0.5934065934065934,sno,Saami,Saami (Northern)
smo,13,0.27564102564102566,0.23076923076923075,sam,Oceanic,Samoan
smq,1,1,1,nmd,East Strickland,Samo
smr,3,0,0,sim,Northwest Sumatra-Barrier Islands,Simeulue
sna,8,0.75,0.75,krg,Bantoid,Karanga
snc,6,0.8333333333333334,0.8333333333333334,sng,Oceanic,Sinaugoro
snd,1,0,0,sdh,Indic,Sindhi
snf,9,0.6018518518518519,0.5740740740740741,noo,Cangin,Noon
snk,3,0,0,snn,Western Mande,Soninke
snn,6,1,1,sin,Tucanoan,Siona
snp,9,0.6666666666666666,0.6666666666666666,sia,Eastern Highlands,Siane
snq,4,1,1,sgu,Bantoid,Sangu
sob,6,0.6666666666666666,0.6666666666666666,sob,Oceanic,Sobei
som,19,0.5197368421052632,0.506265664160401,som,Lowland East Cushitic,Somali
sot,6,0.45833333333333337,0.4444444444444444,ses,Bantoid,Sesotho
sov,7,0.30952380952380953,0.2857142857142857,son,Oceanic,Sonsorol-Tobi
spa,27,0.4396384479717813,0.39814814814814814,spa,Romance,Spanish
spl,7,0.8571428571428571,0.8571428571428571,slp,Finisterre-Huon,Selepet
spo,1,1,1,spo,Interior Salish,Spokane
spp,26,0.4212454212454212,0.36538461538461536,sup,Senufo,Supyire
sps,4,0.25,0.25,taf,Oceanic,Taiof
spu,2,0.125,0,sap,Bahnaric,Sapuan
sqt,1,1,1,soq,Semitic,Soqotri
squ,20,0.5732142857142857,0.5404761904761904,squ,Central Salish,Squamish
srb,4,1,1,sor,Munda,Sora
srm,1,0.3333333333333333,0,srm,Creoles and Pidgins,Saramaccan
sro,6,0.6666666666666666,0.6666666666666666,srd,Romance,Sardinian
srp,15,0.44166666666666665,0.4380952380952381,NA,NA,NA
srq,10,0.62,0.6,srn,Tupi-Guaraní,Sirionó
srs,11,0.5454545454545454,0.5454545454545454,src,Athapaskan,Sarcee
ssd,11,0.45454545454545453,0.45454545454545453,sro,Madang,Siroi
ssf,1,1,1,thw,Western Plains Austronesian,Thao
ssn,6,0.5,0.5,orw,Lowland East Cushitic,Oromo (Waata)
sst,4,0.75,0.75,tba,Chimbu,Tabare
ssw,3,0.6666666666666666,0.6666666666666666,swt,Bantoid,Swati
sti,8,0,0,NA,NA,NA
stp,7,0.8571428571428571,0.8571428571428571,tps,Tepiman,Tepehuan (Southeastern)
str,1,1,1,lum,Central Salish,Lummi
stt,8,0,0,NA,NA,NA
sua,11,0.5909090909090909,0.5757575757575758,sul,NA,Sulka
sue,20,0.45583333333333337,0.3980952380952381,sue,Binanderean,Suena
sui,4,1,1,suk,Suki,Suki
suk,1,1,1,skm,Bantoid,Sukuma
sun,14,0.30357142857142855,0.2571428571428572,sun,Malayo-Sumbawan,Sundanese
suq,4.5,0.9,0.9,cai,Surmic,Chai
sur,12,0.09722222222222222,0.06944444444444445,mup,West Chadic,Mupun
sus,4,0.375,0.33333333333333337,sus,Western Mande,Susu
suv,1,1,1,slg,NA,Sulung
sva,1,0.25,0,sva,Kartvelian,Svan
svs,8,0.5,0.5,svs,Savosavo,Savosavo
swe,19,0.32894736842105265,0.30576441102756896,swe,Germanic,Swedish
swh,27,0.6748236331569666,0.6358024691358024,swa,Bantoid,Swahili
swt,1,0.5,0.3333333333333333,tgp,Kolana-Tanglapui,Tanglapui
swv,1,0,0,skw,Indic,Shekhawati
sza,15,0.3827777777777777,0.3190476190476191,sml,Aslian,Semelai
szg,2,0.875,0.8333333333333333,sgl,Bantoid,Sengele
szp,9,0.7777777777777778,0.7777777777777778,ina,Inanwatan,Inanwatan
szw,1,1,1,swi,South Halmahera - West New Guinea,Sawai
tac,8,0.625,0.625,twe,Tarahumaran,Tarahumara (Western)
tae,9,0.7777777777777778,0.7777777777777778,tar,Inland Northern Arawakan,Tariana
tah,12,0.25,0.22222222222222224,tah,Oceanic,Tahitian
taj,8,0.5,0.5,NA,NA,NA
tam,9,0.4392156862745098,0.4303921568627451,tml,Southern Dravidian,Tamil
tan,4,1,1,tan,West Chadic,Tangale
tap,3,1,1,tbw,Bantoid,Tabwa
taq,7,0.7142857142857143,0.7142857142857143,tsk,Berber,Tamashek
tar,5,0.39999999999999997,0.39999999999999997,tce,Tarahumaran,Tarahumara (Central)
tat,6.5,0.29166666666666663,0.29166666666666663,tmi,Turkic,Tatar (Mishar)
tay,8,0.33333333333333337,0.3125,ata,Atayalic,Atayal
tbc,5,0.4,0.4,tak,Oceanic,Takia
tbd,2,0.5,0.5,kae,Tate,Kaki Ae
tbg,8,0.875,0.875,trr,Eastern Highlands,Tairora
tbh,5,0.8,0.8,dhw,Southeastern Pama-Nyungan,Dharawal
tbi,6,0.8333333333333334,0.8333333333333334,igs,Eastern Jebel,Ingessana
tbl,7,0.42857142857142855,0.42857142857142855,tbo,Bilic,Tboli
tbo,7,0.5,0.47619047619047616,taw,Oceanic,Tawala
tca,6,0.8333333333333334,0.8333333333333334,tic,NA,Ticuna
tcb,9,0.6666666666666666,0.6666666666666666,tnc,Athapaskan,Tanacross
tcf,8,0.75,0.75,tlp,Subtiaba-Tlapanec,Tlapanec
tcg,4,0.25,0.25,tmg,Kayagar,Tamagario
tcs,1,0.3333333333333333,0,bro,Creoles and Pidgins,Broken
tcx,1,1,1,tda,Southern Dravidian,Toda
tcy,5,0.6,0.6,tul,Southern Dravidian,Tulu
tdh,3,0.6666666666666666,0.6666666666666666,thu,Mahakiranti,Thulung
tdn,8,0.53125,0.5,tno,Minahasan,Tondano
tea,8,0.8333333333333334,0.8125,tmr,Aslian,Temiar
tee,9,0.5555555555555556,0.5555555555555556,tee,Totonacan,Tepehua (Huehuetla)
teh,1,0.75,0.6666666666666666,teh,Chon Proper,Tehuelche
tel,10,0.7000000000000001,0.7000000000000001,tel,South-Central Dravidian,Telugu
tem,11,0.6818181818181819,0.6666666666666666,tne,Mel,Temne
teo,10,0.6,0.6,tes,Nilotic,Teso
teq,5,0.8,0.8,tmn,Temein,Temein
ter,1,1,1,trn,Bolivia-Parana,Terêna
tet,6.5,0.041666666666666664,0.027272727272727268,ttd,Central Malayo-Polynesian,Tetun Dili
teu,10,0.7666666666666666,0.75,so,Kuliak,So
tew,1,0,0,tew,Kiowa-Tanoan,Tewa (Arizona)
tex,10,0.5,0.5,ten,Surmic,Tennet
tfr,9,0.5925925925925926,0.5666666666666667,trb,Talamanca,Teribe
tgc,12,0.2222222222222222,0.20833333333333331,tgk,Oceanic,Tigak
tge,8,0.5,0.5,NA,NA,NA
tgk,10,0.5,0.5,taj,Iranian,Tajik
tgl,23,0.4736542443064182,0.3920289855072464,tag,Greater Central Philippine,Tagalog
tgo,3,0.5,0.4666666666666667,sud,Oceanic,Sudest
tha,26,0.12605311355311358,0.044871794871794886,tha,Kam-Tai,Thai
thd,10,0.20000000000000004,0.20000000000000004,thy,Northern Pama-Nyungan,Kuuk Thaayorre
thf,5,1,1,thn,Mahakiranti,Thangmi
thp,3,0.4,0.33333333333333337,tho,Interior Salish,Thompson
ths,4,0.375,0.33333333333333337,thk,Bodic,Thakali
thv,3.6666666666666665,0.7738095238095238,0.746031746031746,tai,Berber,Tuareg (Air)
tig,17,0.46470588235294114,0.446078431372549,tbe,Semitic,Tigré (Beni Amer)
tih,10,0.4,0.4,tim,North Borneo,Timugon
tik,2,0.5,0.5,tik,Bantoid,Tikar
til,2,0.5,0.5,til,Tillamook,Tillamook
tio,7,0.14285714285714288,0.14285714285714288,teo,Oceanic,Teop
tir,10,0.65,0.6333333333333333,tig,Semitic,Tigrinya
tiv,1,0,0,tiv,Bantoid,Tiv
tiw,27,0.49519400352733683,0.45000000000000007,tiw,Tiwian,Tiwi
tix,1,0,0,tws,Kiowa-Tanoan,Tiwa (Southern)
tjm,5,0.8,0.8,tmc,NA,Timucua
tkl,2,0.25,0.16666666666666666,tke,Oceanic,Tokelauan
tkm,14,0.7261904761904762,0.7095238095238096,tkl,NA,Takelma
tkr,2,1,1,tsa,Lezgic,Tsakhur
tks,5,0.45,0.42857142857142855,tts,Iranian,Tati (Southern)
tkw,5,0.2,0.2,bum,Oceanic,Buma
tlb,9,0.6851851851851852,0.6666666666666666,tlo,North Halmaheran,Tobelo
tlc,11,0.5181818181818182,0.45454545454545453,tot,Totonacan,Totonac (Misantla)
tlf,3,0.41666666666666663,0.33333333333333337,tlf,Ok,Telefol
tli,18,0.6597222222222222,0.6216931216931216,tli,Tlingit,Tlingit
tlj,3,1,1,tal,Bantoid,Talinga
tll,4,0.75,0.75,tet,Bantoid,Tetela
tly,1,1,1,taz,Iranian,Talysh (Azerbaijan)
tma,4.5,0.9285714285714286,0.9285714285714286,mii,Taman,Miisiirii
tmd,4,0.75,0.75,har,Piawi,Haruai
tml,26,0.5674450549450549,0.5256410256410257,asm,Asmat-Kamoro,Asmat
tmq,1,1,1,tum,Oceanic,Tumleo
tms,3,0.6666666666666666,0.6666666666666666,tia,Katla-Tima,Tima
tmu,1,0.5,0.3333333333333333,iau,Lakes Plain,Iau
tna,10,0.2,0.2,tac,Tacanan,Tacana
tnc,11,0.7363636363636363,0.7181818181818181,ret,Tucanoan,Retuarã
tnd,1,0,0,tnb,Tunebo,Tunebo
tnk,1,1,1,kwr,Oceanic,Kwamera
tnl,9,0.4444444444444444,0.4444444444444444,len,Oceanic,Lenakel
tnm,2,0.5,0.5,tbl,Sentani,Tabla
tob,8,0.75,0.75,tob,South Guaicuruan,Toba
toi,7,1,1,toz,Bantoid,Tonga (in Zambia)
toj,4,0.5625,0.5,toj,Mayan,Tojolabal
ton,11,0.18181818181818177,0.18181818181818177,tng,Oceanic,Tongan
too,8,0.40625,0.375,txj,Totonacan,Totonac (Xicotepec de Juárez)
tow,1,0,0,jem,Kiowa-Tanoan,Jemez
tpi,3,0.16666666666666669,0.1111111111111111,tpi,Creoles and Pidgins,Tok Pisin
tpj,6,1,1,tpt,Tupi-Guaraní,Tapieté
tpt,10,0.6,0.6,tep,Totonacan,Tepehua (Tlachichilco)
tpy,22,0.5381493506493507,0.49112554112554113,tru,NA,Trumai
tqw,13,0.9423076923076923,0.923076923076923,ton,NA,Tonkawa
trc,9,0.32407407407407407,0.2777777777777778,tri,Mixtecan,Trique (Copala)
trg,1,1,1,nap,Semitic,Neo-Aramaic (Persian Azerbaijan)
tri,8,0.8333333333333334,0.8125,tir,Cariban,Tiriyo
tro,6,0.8333333333333334,0.8333333333333334,tao,Kuki-Chin,Tarao
trp,8,0.8125,0.7916666666666667,kok,Bodo-Garo,Kokborok
trv,2,0.25,0.16666666666666666,see,Atayalic,Seediq
trw,3,1,1,trw,Indic,Torwali
tsg,3,0.33333333333333337,0.33333333333333337,tsg,Greater Central Philippine,Tausug
tsi,17,0.5632352941176471,0.5294117647058824,tsi,Tsimshianic,Tsimshian (Coast)
tsj,7,0.7142857142857143,0.7142857142857143,tgl,Bodic,Tshangla
tsn,2,1,1,tsw,Bantoid,Tswana
tso,2,0,0,tsn,Bantoid,Tsonga
tsu,2,0.8333333333333333,0.75,tso,Tsou,Tsou
tsv,2,0.5,0.5,tgo,Bantoid,Tsogo
tsz,11,0.7272727272727273,0.7272727272727273,pur,Tarascan,Purépecha
tta,7,0.8571428571428571,0.8571428571428571,tte,Core Siouan,Tutelo
tti,3,0.33333333333333337,0.33333333333333337,tbt,Oceanic,Tobati
ttr,9,0.5,0.48148148148148145,ter,Biu-Mandara,Tera
tty,1,1,1,skr,Lakes Plain,Sikaritai
tub,1,1,1,tbb,California Uto-Aztecan,Tübatulabal
tue,3,1,1,tuy,Tucanoan,Tuyuca
tuk,2,1,1,tkm,Turkic,Turkmen
tun,17,0.7735294117647059,0.7401960784313726,tun,NA,Tunica
tuo,12,0.6458333333333334,0.6388888888888888,tuc,Tucanoan,Tucano
tuq,11,0.5454545454545454,0.5454545454545454,NA,NA,NA
tur,27,0.7754850088183421,0.7425044091710759,tur,Turkic,Turkish
tus,9,0.7777777777777778,0.7777777777777778,tus,Northern Iroquoian,Tuscarora
tuv,13,0.75,0.7472527472527473,tna,Nilotic,Turkana
tvk,2,0.3333333333333333,0.3,sea,Oceanic,Southeast Ambrym
tvl,12,0.25625,0.2222222222222222,nnm,Oceanic,Nanumea
tvo,12,0.36944444444444446,0.33333333333333337,tid,North Halmaheran,Tidore
tvt,4,0.25,0.25,tvt,Northern Naga,Tutsa
tvu,7,0.42857142857142855,0.42857142857142855,tnn,Bantoid,Tunen
twa,1,1,1,twa,Central Salish,Twana
twf,7,1,1,twn,Kiowa-Tanoan,Tiwa (Northern)
txu,3,1,1,kyp,Ge-Kaingang,Kayapó
tya,14,0.5833333333333334,0.5666666666666667,tau,Madang,Tauya
tyn,11,0.4810606060606061,0.45454545454545453,NA,NA,NA
tyv,15,0.6166666666666667,0.6,tuv,Turkic,Tuvan
tzh,1,1,1,tza,Mayan,Tzeltal (Aguacatenango)
tzj,15,0.45,0.4444444444444445,tzu,Mayan,Tzutujil
tzm,12,0.3091614906832298,0.28752587991718426,bma,Berber,Berber (Middle Atlas)
tzn,4,0.75,0.75,tgn,Central Malayo-Polynesian,Tugun
tzo,10,0.7,0.7,tzo,Mayan,Tzotzil
uby,10,1,1,uby,Northwest Caucasian,Ubykh
ude,8,0.484375,0.4446428571428571,udh,Tungusic,Udihe
udi,8,0.75,0.75,udi,Lezgic,Udi
udl,9,0.4444444444444444,0.4444444444444444,uld,Biu-Mandara,Uldeme
udm,13,0.75,0.7435897435897436,udm,Permic,Udmurt
uig,11,0.7954545454545454,0.7878787878787878,uyg,Turkic,Uyghur
ukr,12,0.4666666666666667,0.45833333333333337,ukr,Slavic,Ukrainian
uli,9,0.2962962962962963,0.28888888888888886,uli,Oceanic,Ulithian
ulk,6,0.6666666666666666,0.6666666666666666,mer,Western Fly,Meryam Mir
uma,3,0.4,0.33333333333333337,smt,Sahaptian,Sahaptin (Umatilla)
umu,1,0,0,mse,Algonquian,Munsee
ung,20,0.44375,0.4261904761904761,ung,Worrorran,Ungarinjin
unr,10,0.4170112781954887,0.2791353383458647,bhu,Munda,Bhumij
upv,4,0.375,0.33333333333333337,atc,Oceanic,Atchin
ura,7,0.5714285714285714,0.5714285714285714,urn,NA,Urarina
urb,19,0.42061403508771933,0.3771929824561403,urk,Tupi-Guaraní,Urubú-Kaapor
urd,9,0.3611111111111111,0.3492063492063492,urd,Indic,Urdu
ure,2,1,1,uru,Uru-Chipaya,Uru
urf,11,0.5484848484848485,0.4848484848484848,uhi,Northern Pama-Nyungan,Uradhi
urk,10,0.025000000000000005,0,url,Malayo-Sumbawan,Urak Lawoi'
urt,6,0,0,urt,Wapei-Palei,Urat
ury,2,0.5,0.5,ory,Orya,Orya
usa,7,1,1,usr,Eastern Highlands,Usarufa
ute,6.666666666666667,0.9083333333333333,0.905,cmh,Numic,Chemehuevi
uur,4,0.5,0.5,ura,Oceanic,Ura
uwa,8,0.375,0.375,knc,Northern Pama-Nyungan,Kugu Nganhcara
uzn,13,0.7846153846153846,0.7692307692307693,kym,Turkic,Krymchak
uzs,13,0.7846153846153846,0.7692307692307693,NA,NA,NA
vag,1,0.25,0,vag,Southern-Central Gur,Vagla
vai,11,0.1818181818181818,0.1818181818181818,vai,Western Mande,Vai
vam,5,0.23333333333333334,0.16666666666666666,dum,Western Skou,Dumo
van,10,0.29999999999999993,0.29999999999999993,wal,Wapei-Palei,Walman
var,3,0.6666666666666666,0.6666666666666666,grj,Tarahumaran,Guarijío
vay,11,0.6772727272727272,0.6363636363636364,hay,Mahakiranti,Hayu
ven,3,1,1,ven,Bantoid,Venda
vie,27,0.14078483245149914,0.059259259259259275,vie,Viet-Muong,Vietnamese
viv,3,1,1,idn,Oceanic,Iduna
vma,23,0.5718426501035196,0.5,mrt,Western Pama-Nyungan,Martuthunira
vnm,3,0.33333333333333337,0.33333333333333337,vnm,Oceanic,Vinmavis
vot,3,0.6666666666666666,0.6666666666666666,vot,Finnic,Votic
waa,8,0.875,0.875,NA,NA,NA
wac,3,0.9523809523809523,0.9444444444444444,cku,Chinookan,Chinook (Upper)
wal,9,0.8055555555555556,0.7777777777777778,wly,North Omotic,Wolaytta
wam,2,1,1,mtt,Algonquian,Massachusett
wao,11,0.6893939393939393,0.6363636363636364,wap,Wappo,Wappo
waq,4,0.75,0.75,wag,NA,Wagiman
war,1,1,1,wwy,Greater Central Philippine,Waray-Waray
was,9,0.9444444444444444,0.9259259259259259,was,NA,Washo
wau,1,1,1,wur,Central Arawakan,Waurá
waw,4,0.75,0.75,wai,Cariban,Wai Wai
wax,2,1,1,wtm,Lower Ramu,Watam
way,1,0,0,wyn,Cariban,Wayana
wba,21,0.6549319727891156,0.590702947845805,wra,NA,Warao
wbj,1,0.4,0.25,agw,Southern Cushitic,Alagwa
wbl,8,0.5,0.5,wak,Iranian,Wakhi
wbp,8,0.78125,0.75,wrl,Western Pama-Nyungan,Warlpiri
wbv,10,0.77,0.7333333333333334,wat,Western Pama-Nyungan,Watjarri
wdj,2.5,0.5,0.5,bac,Anson Bay,Bachamal
wed,5,0.8,0.8,wed,Oceanic,Wedau
wgi,7,0.5714285714285714,0.5714285714285714,NA,NA,NA
wgu,7,0.30952380952380953,0.2857142857142857,wir,Central Pama-Nyungan,Wirangu
wgy,7,0.5714285714285714,0.5714285714285714,wrg,Northern Pama-Nyungan,Warrgamay
whg,7,0.5714285714285714,0.5714285714285714,NA,NA,NA
wib,6,0.5,0.5,tou,Tusia,Southern Toussian
wic,23,0.65,0.6086956521739131,wic,Caddoan,Wichita
wig,1,1,1,wn,Northern Pama-Nyungan,Wik Ngathana
wim,5,0.8,0.8,wmu,Northern Pama-Nyungan,Wik Munkan
wiv,7,0.14285714285714288,0.14285714285714288,NA,NA,NA
wiy,10,0.45,0.4333333333333333,wiy,Wiyot,Wiyot
wlg,1,1,1,gnb,Gunwinygic,Gunbalang
wlo,6,0.41666666666666663,0.3888888888888889,wlo,Celebic,Wolio
wls,1,0.25,0,wll,Oceanic,Wallisian
wmb,17,0.6083333333333334,0.580812324929972,wam,Wambayan,Wambaya
wme,5,0.4,0.4,wme,Mahakiranti,Wambule
wms,10,0.6666666666666666,0.65,wbn,Awju-Dumut,Wambon
wmt,2,0,0,wlm,Western Pama-Nyungan,Walmatjari
wnd,7,0.9285714285714286,0.9047619047619048,wrn,Warndarang,Warndarang
wng,11,0.4810606060606061,0.45454545454545453,NA,NA,NA
wnu,14,0.5202380952380952,0.4642857142857143,usa,Madang,Usan
wnw,10,0.7666666666666666,0.7261904761904762,win,Wintuan,Wintu
woe,11,0.1818181818181818,0.1818181818181818,wol,Oceanic,Woleaian
wog,2,0.5,0.5,wog,Upper Sepik,Wogamusin
woi,1,1,1,woi,Greater Alor,Woisika
wol,17,0.2647058823529412,0.2549019607843137,wlf,Wolof,Wolof
wos,2,1,1,hhu,Ndu,Hanga Hundi
wra,6,0.33333333333333337,0.33333333333333337,brp,Warapu,Barupu
wrk,7,0.5,0.47619047619047616,grr,Garrwan,Garrwa
wro,7,0.35714285714285715,0.33333333333333337,wor,Worrorran,Worora
wrr,18,0.7300925925925926,0.7198412698412698,wrd,Yangmanic,Wardaman
wrs,1,0.25,0,wrs,Border,Waris
wrz,6,0.7083333333333334,0.6666666666666666,wry,Warayic,Waray (in Australia)
wsa,3,0.41666666666666663,0.33333333333333337,wrm,South Halmahera - West New Guinea,Warembori
wsk,10,0.5166666666666666,0.48333333333333334,wsk,Madang,Waskia
wti,7,1,1,ber,NA,Berta
wwr,7,0.8571428571428571,0.8571428571428571,wrw,Nyulnyulan,Warrwa
wya,4,0.75,0.75,wya,Northern Iroquoian,Wyandot
wyb,27,0.5279100529100529,0.47548500881834216,ngi,Southeastern Pama-Nyungan,Ngiyambaa
xac,5,1,1,kac,Bodo-Garo,Kachari
xal,7.5,0.8333333333333333,0.8333333333333333,kiq,Mongolic,Kalmyk (Issyk-Kul)
xam,1,0,0,xam,Tu,/Xam
xas,8,0.875,0.875,kms,Samoyedic,Kamass
xav,7,0.2857142857142857,0.2857142857142857,xav,Ge-Kaingang,Xavánte
xaw,7,0.8571428571428571,0.8571428571428571,kws,Numic,Kawaiisu
xbi,8,0.125,0.125,xbi,Kombio-Arapesh,Kombio
xbr,9,0.38333333333333336,0.33333333333333337,kam,Central Malayo-Polynesian,Kambera
xch,1,1,1,cmk,Chimakuan,Chemakum
xcw,6,1,1,coa,Coahuiltecan,Coahuilteco
xed,3,0.8888888888888888,0.8666666666666667,hdi,Biu-Mandara,Hdi
xer,1,1,1,xer,Ge-Kaingang,Xerénte
xho,10,0.6,0.6,xho,Bantoid,Xhosa
xmm,2,0,0,mds,Malayo-Sumbawan,Manadonese
xmu,1,1,1,kmw,Eastern Daly,Kamu
xnz,2,1,1,nku,Nubian,Nubian (Kunuz)
xok,1,0.3333333333333333,0,xok,Ge-Kaingang,Xokleng
xom,6,0.5,0.5,kom,Koman,Komo
xpe,3,0.41666666666666663,0.33333333333333337,kpe,Western Mande,Kpelle
xra,3,1,1,krh,Ge-Kaingang,Krahô
xsi,9,0.33333333333333337,0.33333333333333337,sio,Oceanic,Sio
xsl,25,0.5135714285714286,0.4799999999999999,slv,Athapaskan,Slavey
xsq,4,1,1,NA,NA,NA
xsr,3,1,1,she,Bodic,Sherpa
xsu,22,0.2316017316017316,0.158008658008658,snm,Yanomam,Sanuma
xtc,5.5,0.55,0.55,kad,Kadugli,Kadugli
xub,5,0.8,0.8,bkb,Southern Dravidian,Betta Kurumba
xuo,1,0.3333333333333333,0,klk,Mbumic,Koh (Lakka)
xuu,3,0.6666666666666666,0.6666666666666666,kxo,Khoe-Kwadi,Kxoe
xwg,8,0.5,0.5,koe,Surmic,Koegu
xwk,1,1,1,wan,Central Pama-Nyungan,Wangkumara
yaa,4,1,1,yam,Panoan,Yaminahua
yad,23,0.5626293995859213,0.5144927536231884,yag,Peba-Yaguan,Yagua
yae,1,1,1,yrr,NA,Yaruro
yag,3,0.6666666666666666,0.6666666666666666,yah,Yámana,Yahgan
yah,1,0.4,0.25,yaz,Iranian,Yazgulyam
yak,8,0.875,0.875,NA,NA,NA
yao,3,1,1,yao,Bantoid,Yao (in Malawi)
yap,12,0.24305555555555552,0.20833333333333331,yap,Yapese,Yapese
yaq,26,0.5786630036630037,0.5183150183150184,yaq,Cahita,Yaqui
ybi,1,1,1,ybi,Mahakiranti,Yamphu
ycn,2,1,1,ycn,Inland Northern Arawakan,Yucuna
yee,20,0.7083333333333333,0.675,yim,Lower Sepik,Yimas
yey,1,1,1,yey,Bantoid,Yeyi
ygr,10.5,0.8645833333333334,0.8485449735449735,hua,Eastern Highlands,Hua
yia,9,0.7962962962962963,0.7777777777777778,yng,Western Pama-Nyungan,Yingkarta
yii,21,0.3884920634920635,0.326530612244898,yid,Northern Pama-Nyungan,Yidiny
yij,9,0.7777777777777778,0.7777777777777778,yin,Western Pama-Nyungan,Yindjibarndi
ykg,5,1,1,ytu,Yukaghir,Yukaghir (Tundra)
yky,1,0.25,0,ykm,Ubangi,Yakoma
yle,7,0.7428571428571429,0.7142857142857143,yel,Yele,Yelî Dnye
yli,1,0.25,0,yli,Dani,Yali
ynd,5,0.8,0.8,inn,Central Pama-Nyungan,Innamincka
ynn,1,0,0,yan,Yana,Yana
yns,2,0.5,0.5,yns,Bantoid,Yansi
yok,9.666666666666666,0.5691919191919191,0.554978354978355,wik,Yokuts,Wikchamni
yon,3,0.33333333333333337,0.33333333333333337,kti,Ok,"Kati (in West Papua, Indonesia)"
yor,28,0.1778486394557823,0.1107142857142857,yor,Defoid,Yoruba
yrb,7,0.8571428571428571,0.8571428571428571,yar,Yareban,Yareba
yrk,12,0.6699792960662525,0.5988612836438922,nen,Samoyedic,Nenets (Forest)
yss,5,0.4666666666666667,0.3333333333333333,yes,Tama Sepik,Yessan-Mayo
yua,4,0.5625,0.5,yct,Mayan,Yucatec
yuc,17,0.6470588235294118,0.6274509803921569,yuc,NA,Yuchi
yue,16,0.16875,0.125,cnt,Chinese,Cantonese
yuf,9,0.8888888888888888,0.8888888888888888,hav,Yuman,Havasupai
yuj,1,0,0,kyr,Eastern Pauwasi,Karkar-Yuri
yul,4.5,0.9,0.9,big,Bongo-Bagirmi,Binga
yum,1,1,1,que,Yuman,Quechan
yur,21,0.5248299319727892,0.5,yur,Yurok,Yurok
yux,26,0.6118589743589743,0.5714285714285714,yko,Yukaghir,Yukaghir (Kolyma)
yuy,4,0.75,0.75,shy,Mongolic,Shira Yughur
yva,1,0.6666666666666666,0.5,yaw,NA,Yawa
ywr,2,0.8333333333333333,0.8,ywr,Nyulnyulan,Yawuru
ywt,10,0,0,lal,Burmese-Lolo,Lalo
yyr,1,1,1,yir,Northern Pama-Nyungan,Yir Yoront
zab,1,1,1,zsq,Zapotecan,Zapotec (San Lucas Quiaviní)
zag,9,0.6666666666666666,0.6666666666666666,zag,Eastern Saharan,Beria
zai,10,0.4,0.4,zai,Zapotecan,Zapotec (Isthmus)
zav,4,0.75,0.75,zya,Zapotecan,Zapotec (Yatzachi)
zaw,7,1,1,zap,Zapotecan,Zapotec (Mitla)
zay,9,0.7777777777777778,0.7777777777777778,zay,North Omotic,Zayse
zen,2,1,1,zen,Berber,Zenaga
zga,4,1,1,kga,Bantoid,Kinga
zgb,7,0.14285714285714288,0.14285714285714288,zhn,Kam-Tai,Zhuang (Northern)
zik,1,1,1,zim,Marind,Zimakani
zkk,1,0,0,kkw,NA,Karankawa
zmc,10,0.62,0.6,mny,Northern Pama-Nyungan,Margany
zml,1,0,0,mdl,Eastern Daly,Matngele
zmr,17,0.3333333333333333,0.2941176470588235,mku,Wagaydy,Maranungku
zmt,1,1,1,mrr,Bringen,Maringarr
zmu,5,0.8,0.8,mrw,Southeastern Pama-Nyungan,Muruwari
zne,7,0.9714285714285714,0.9642857142857143,zan,Ubangi,Zande
zoc,13.5,0.7357142857142858,0.7176406926406926,zqc,Mixe-Zoque,Zoque (Copainalá)
zoh,4,0.5,0.5,zch,Mixe-Zoque,Zoque (Chimalapa)
zpi,1,0.16666666666666666,0,zaq,Zapotecan,Zapotec (Quiegolani)
zpq,6,0.5,0.5,zzo,Zapotecan,Zapotec (Zoogocho)
zro,5,1,1,zpr,Zaparoan,Zaparo
zrs,3,1,1,mrs,Mairasi-Tanahmerah,Mairasi
zul,27,0.6840828924162258,0.6481481481481481,zno,Bantoid,Zulu (Northern)
zun,16,0.4630208333333333,0.39583333333333337,zun,NA,Zuni
NA,3.6470588235294117,0.6638496307613955,0.652295008912656,aab,Kombio-Arapesh,Arapesh (Abu)
